Year,District,Area(ha),Rainfall(mm),Temp(C),Humidity(%),SoilType,pH,N(kg/ha),P(kg/ha),K(kg/ha),FertilizerUsed(kg/ha),IrrigationCount,Yield(tons/ha)
2023,Patna,48,761,30.9,62.6,Clay,6.3,114,48,36,174,1,18.59
2024,Muzaffarpur,56,893,27.3,65.7,Clay,5.8,105,43,33,152,3,18.07
2022,Patna,57,1034,28.4,60.4,Loamy,6.0,84,53,48,166,3,17.51
2024,Bhojpur,27,902,26.0,68.6,Loamy,6.1,108,49,30,161,4,17.88
2024,Gaya,84,1091,25.6,76.8,Sandy,7.1,116,54,32,203,3,20.7
2021,Gaya,36,725,28.0,67.8,Sandy,6.6,99,48,42,173,4,17.32
2022,Gaya,90,872,28.8,63.6,Loamy,7.1,100,40,44,178,2,18.37
2022,Muzaffarpur,64,999,26.7,75.1,Sandy,6.6,89,38,31,192,2,16.56
2022,Bhojpur,23,832,28.6,75.8,Loamy,6.5,84,42,40,174,1,15.2
2024,Patna,55,1025,31.1,63.5,Clay,6.2,115,51,33,209,2,19.94
2023,Samastipur,89,817,28.5,75.4,Clay,6.6,85,43,48,214,2,17.0
2022,Patna,50,1023,29.8,78.9,Sandy,6.0,105,35,46,177,1,18.42
2025,Samastipur,38,974,30.4,63.3,Loamy,7.1,83,54,32,165,3,16.09
2024,Patna,80,911,31.9,75.4,Loamy,7.0,118,48,47,196,4,20.91
2021,Bhojpur,73,924,28.8,74.2,Sandy,6.2,118,45,37,207,4,19.91
2023,Samastipur,58,719,30.5,69.5,Loamy,7.1,114,37,48,176,3,18.87
2025,Muzaffarpur,93,812,31.7,61.2,Clay,7.0,80,43,34,202,1,16.02
2025,Patna,38,839,31.6,61.5,Sandy,6.7,103,48,36,191,3,17.52
2021,Patna,58,746,25.1,77.0,Sandy,6.0,115,43,37,208,2,18.93
2023,Samastipur,86,700,27.3,79.8,Loamy,6.5,85,38,34,196,1,15.75
2024,Muzaffarpur,64,789,26.6,73.5,Sandy,6.5,110,38,46,183,1,18.82
2020,Muzaffarpur,32,841,24.7,68.9,Loamy,6.1,99,42,34,186,1,16.98
2023,Bhojpur,77,1019,29.1,73.0,Loamy,5.9,103,36,33,155,4,18.45
2021,Muzaffarpur,39,737,29.9,71.9,Loamy,6.9,104,43,48,156,3,17.48
2025,Muzaffarpur,91,992,30.8,67.7,Loamy,6.0,115,48,31,174,1,20.33
2024,Muzaffarpur,80,1081,25.0,61.3,Loamy,6.6,100,43,40,182,1,18.8
2023,Gaya,58,838,31.0,76.4,Sandy,7.1,109,50,42,204,1,19.19
2020,Bhojpur,20,1055,29.1,67.4,Clay,7.0,103,51,44,207,3,18.49
2020,Patna,22,1032,29.6,76.4,Clay,6.2,109,50,41,156,4,18.99
2022,Samastipur,96,958,31.3,65.1,Sandy,7.0,101,46,40,206,2,19.04
2022,Patna,81,860,29.0,60.0,Sandy,5.8,107,37,36,161,4,18.46
2021,Bhojpur,82,1089,26.7,63.2,Clay,5.8,86,45,34,165,1,17.19
2023,Samastipur,44,877,30.6,69.4,Clay,6.6,114,48,46,192,4,19.54
2023,Bhojpur,75,709,26.9,78.9,Clay,6.3,107,52,49,156,4,19.1
2025,Muzaffarpur,52,960,24.3,62.0,Clay,6.3,93,39,38,200,2,16.94
2025,Samastipur,57,837,30.6,77.1,Clay,6.6,89,50,43,181,3,17.16
2025,Muzaffarpur,25,871,26.8,70.5,Loamy,6.1,95,54,41,157,3,17.25
2022,Patna,77,1085,30.2,76.5,Sandy,6.1,95,39,35,194,4,17.75
2023,Patna,63,712,26.9,66.0,Loamy,6.5,110,37,46,208,4,18.38
2023,Samastipur,64,867,30.9,76.8,Clay,6.9,104,46,48,153,3,18.7
2020,Samastipur,51,829,25.8,75.5,Clay,6.7,92,35,48,216,3,16.61
2022,Bhojpur,64,783,31.8,64.6,Clay,6.2,85,43,45,178,2,16.09
2024,Bhojpur,80,1020,30.2,62.6,Loamy,6.4,88,43,41,178,1,17.36
2022,Muzaffarpur,66,1018,24.9,77.4,Loamy,6.0,115,38,41,177,4,19.55
2024,Samastipur,40,800,28.5,79.3,Clay,5.9,99,37,49,193,3,17.27
2020,Patna,99,1028,31.9,60.6,Loamy,6.9,97,51,35,153,4,18.72
2021,Bhojpur,94,972,27.8,74.6,Loamy,6.2,100,36,33,158,4,18.12
2023,Bhojpur,55,964,25.5,78.2,Clay,6.0,83,35,35,154,3,15.9
2020,Patna,38,1098,27.9,77.1,Loamy,6.8,112,42,40,205,2,19.01
2023,Bhojpur,39,737,28.1,79.3,Sandy,6.7,106,47,30,199,4,17.4
2025,Muzaffarpur,76,793,29.9,75.2,Sandy,6.7,86,49,44,164,2,17.1
2021,Samastipur,37,794,29.6,68.8,Sandy,6.1,85,42,40,181,3,15.79
2021,Patna,66,1004,27.2,66.2,Sandy,6.1,94,46,48,177,1,18.33
2020,Samastipur,68,768,25.7,66.4,Clay,6.1,97,46,47,171,1,17.9
2021,Bhojpur,33,1017,29.2,74.5,Clay,6.0,111,48,46,166,4,19.46
2024,Bhojpur,34,935,27.4,74.9,Clay,6.7,90,49,48,208,3,17.08
2021,Patna,50,1033,25.1,64.0,Sandy,7.0,99,49,43,206,2,18.57
2023,Muzaffarpur,20,1072,31.2,77.4,Sandy,6.8,103,43,47,175,4,17.95
2023,Gaya,73,1075,29.5,74.3,Loamy,6.9,94,53,48,174,3,19.12
2023,Patna,22,836,29.5,71.3,Loamy,6.4,86,54,44,159,3,16.23
2023,Gaya,35,775,30.6,69.4,Sandy,6.7,100,42,44,194,2,17.16
2024,Gaya,76,734,28.2,70.9,Sandy,6.3,105,53,33,160,4,18.32
2022,Muzaffarpur,94,700,30.5,63.2,Sandy,6.5,93,40,36,202,3,17.09
2025,Gaya,31,995,28.0,64.1,Sandy,6.5,116,54,42,217,3,19.62
2020,Gaya,93,1019,24.5,61.8,Loamy,6.0,100,53,32,177,3,19.28
2023,Muzaffarpur,35,759,27.2,63.1,Sandy,6.3,97,38,45,214,2,16.79
2021,Gaya,91,1019,28.0,69.1,Loamy,7.1,84,41,38,198,4,16.96
2023,Gaya,95,1048,29.8,70.6,Sandy,6.1,82,38,37,196,4,17.03
2021,Gaya,43,1027,24.9,60.4,Sandy,6.0,102,46,49,201,4,18.79
2025,Patna,47,966,25.1,75.9,Sandy,6.4,105,47,42,203,4,18.68
2025,Patna,27,1060,26.1,65.9,Loamy,6.9,116,37,46,209,1,19.2
2025,Patna,55,928,26.1,78.2,Loamy,6.6,103,46,46,206,1,18.46
2021,Muzaffarpur,27,969,29.9,79.4,Clay,6.8,98,36,46,196,4,17.0
2023,Bhojpur,77,1015,26.0,63.7,Sandy,6.1,104,36,30,180,2,18.14
2025,Gaya,79,985,29.1,69.2,Clay,6.7,100,43,37,195,1,18.62
2024,Gaya,69,990,28.0,60.0,Clay,6.3,91,35,48,175,3,17.16
2021,Muzaffarpur,47,912,28.6,72.0,Loamy,7.0,112,42,35,154,1,18.79
2021,Gaya,60,864,30.7,72.1,Loamy,6.7,83,40,32,201,3,15.55
2023,Patna,83,704,27.2,65.0,Clay,6.1,86,40,34,203,4,15.99
2021,Bhojpur,46,1038,30.2,71.2,Sandy,5.9,101,52,42,182,1,18.81
2021,Samastipur,82,1078,27.4,64.5,Loamy,5.9,112,51,44,199,2,20.83
2025,Gaya,36,777,26.8,63.2,Sandy,6.3,96,46,43,187,1,16.84
2023,Patna,92,761,31.7,73.0,Sandy,6.2,103,40,45,176,1,18.45
2025,Samastipur,52,831,25.5,66.5,Clay,6.7,113,42,47,164,1,19.02
2025,Bhojpur,96,788,24.7,71.8,Clay,6.5,107,53,40,210,4,19.24
2023,Samastipur,48,936,30.2,68.7,Clay,6.2,118,44,32,170,2,19.2
2020,Patna,32,741,24.5,79.7,Clay,6.0,101,35,39,195,1,16.5
2025,Samastipur,65,788,30.7,63.0,Loamy,6.0,96,47,39,218,2,17.38
2024,Muzaffarpur,54,995,27.5,69.3,Loamy,7.0,113,51,45,155,4,20.08
2024,Samastipur,25,1027,31.3,73.6,Clay,6.1,85,37,41,187,3,15.76
2021,Gaya,88,994,29.8,67.9,Loamy,6.7,85,42,31,211,1,16.83
2024,Gaya,66,803,28.9,79.5,Clay,6.9,113,48,38,211,2,19.16
2021,Muzaffarpur,44,713,31.6,74.4,Sandy,6.7,80,37,32,195,2,14.52
2020,Patna,85,987,27.2,73.1,Sandy,7.0,89,50,44,162,4,18.25
2023,Gaya,29,878,31.6,75.1,Sandy,6.3,100,47,32,152,1,17.11
2023,Bhojpur,75,824,25.1,79.1,Clay,7.1,84,54,48,155,3,17.39
2023,Gaya,49,1052,27.9,78.2,Sandy,6.0,81,51,47,157,2,16.81
2024,Gaya,24,722,26.2,74.5,Loamy,5.9,101,47,37,193,1,16.85
2020,Patna,52,762,28.3,75.0,Sandy,6.7,81,40,46,182,3,15.44
2024,Samastipur,84,842,25.3,62.9,Sandy,7.1,89,51,37,199,2,17.34
2024,Gaya,37,852,30.7,62.1,Sandy,6.9,113,48,36,160,2,18.8
2020,Muzaffarpur,68,844,30.8,71.4,Loamy,5.9,95,51,36,177,3,17.82
2020,Samastipur,30,924,31.6,60.4,Clay,6.2,118,42,32,219,3,18.61
2020,Bhojpur,45,1008,25.2,69.6,Loamy,7.1,101,45,30,190,4,17.79
2020,Patna,82,803,29.0,64.2,Clay,6.2,91,54,33,165,1,17.46
2023,Bhojpur,78,803,27.8,66.9,Clay,6.9,103,35,34,217,1,17.44
2022,Samastipur,46,738,26.8,75.5,Sandy,7.0,119,41,30,197,4,18.39
2022,Samastipur,68,897,26.8,78.8,Clay,6.5,117,51,44,205,2,20.22
2020,Samastipur,96,833,27.3,61.4,Loamy,6.3,89,44,34,213,3,16.96
2022,Bhojpur,52,766,29.6,70.7,Loamy,6.4,114,45,42,208,3,18.79
2022,Samastipur,20,1090,28.8,77.7,Clay,6.1,111,43,37,211,3,18.53
2020,Bhojpur,40,878,27.7,61.7,Sandy,7.0,86,43,37,160,2,15.83
2022,Samastipur,74,741,24.6,76.5,Sandy,6.4,100,39,34,167,3,17.39
2024,Muzaffarpur,25,714,24.6,67.2,Loamy,7.0,99,51,38,168,3,16.9
2021,Samastipur,88,810,24.0,66.4,Sandy,5.9,105,43,30,204,4,18.53
2021,Bhojpur,24,856,31.7,79.5,Clay,7.2,83,51,33,175,2,15.43
2020,Gaya,22,988,24.0,64.0,Clay,6.4,101,53,32,155,1,17.81
2023,Samastipur,72,930,24.8,73.9,Loamy,5.9,94,41,31,153,4,17.36
2020,Gaya,42,856,26.5,76.4,Clay,5.9,119,43,37,178,4,19.28
2023,Muzaffarpur,72,737,30.5,60.8,Loamy,6.8,100,41,38,208,1,17.43
2021,Patna,56,796,31.7,73.4,Clay,6.7,94,47,31,166,4,16.87
2020,Muzaffarpur,93,988,30.3,79.0,Loamy,6.9,101,45,43,192,2,19.0
2025,Samastipur,93,953,29.5,62.5,Sandy,5.9,107,48,43,215,3,19.7
2024,Gaya,36,895,28.2,77.9,Clay,5.8,93,53,33,183,2,16.95
2022,Gaya,97,785,24.7,71.9,Clay,6.5,106,45,35,157,1,18.83
2023,Bhojpur,92,1021,31.7,72.3,Loamy,6.3,119,47,40,162,1,20.76
2025,Gaya,20,709,30.1,72.3,Loamy,6.4,107,48,32,157,4,17.38
2022,Bhojpur,70,704,29.1,66.0,Clay,7.2,105,47,37,214,2,18.19
2022,Patna,64,822,30.1,78.7,Loamy,7.2,81,35,32,192,2,15.12
2020,Samastipur,96,1029,29.8,78.9,Clay,7.1,104,42,43,188,1,19.69
2022,Bhojpur,23,1052,29.1,72.5,Sandy,6.9,82,46,42,208,2,16.02
2024,Patna,81,817,31.8,75.7,Loamy,6.3,87,53,42,193,1,17.59
2025,Gaya,84,993,31.2,72.2,Clay,6.4,112,46,31,158,2,19.66
2022,Gaya,51,1096,29.2,69.7,Sandy,6.6,114,42,42,186,2,19.55
2020,Patna,53,858,29.5,73.2,Sandy,7.0,85,42,48,185,2,16.54
2024,Gaya,91,1002,24.4,71.1,Clay,5.9,118,47,35,177,1,20.72
2021,Patna,58,927,29.4,71.9,Loamy,6.4,102,46,45,191,4,18.63
2025,Bhojpur,45,1064,24.4,75.7,Clay,5.9,104,50,31,192,2,18.71
2022,Bhojpur,53,915,28.7,69.6,Sandy,6.5,98,35,37,191,1,17.22
2020,Patna,73,883,32.0,60.8,Clay,7.1,84,47,46,215,1,17.0
2021,Bhojpur,22,714,28.4,63.3,Loamy,6.9,90,41,31,204,2,15.3
2021,Bhojpur,69,856,27.8,68.8,Sandy,6.1,91,39,39,197,2,16.89
2023,Bhojpur,31,835,26.5,74.5,Clay,7.2,89,42,45,171,4,16.13
2024,Muzaffarpur,84,960,25.0,71.9,Loamy,6.7,87,48,35,176,1,17.5
2022,Samastipur,73,856,29.8,73.0,Sandy,5.8,103,47,31,216,1,18.03
2020,Gaya,24,746,25.5,69.6,Loamy,6.2,107,49,31,162,3,17.47
2023,Muzaffarpur,76,1023,24.9,72.3,Sandy,6.2,115,51,42,194,1,20.76
2024,Bhojpur,36,1031,27.4,66.6,Clay,5.9,116,49,44,159,4,19.99
2023,Patna,66,872,30.4,69.4,Loamy,7.1,100,54,31,158,3,18.22
2025,Bhojpur,42,829,30.0,74.9,Sandy,6.5,87,52,36,203,3,16.44
2024,Samastipur,98,794,24.4,77.4,Loamy,7.1,88,52,32,176,3,17.25
2024,Bhojpur,33,814,27.6,68.7,Loamy,6.3,94,36,37,183,2,16.22
2022,Patna,85,942,28.2,60.9,Clay,6.0,119,38,43,150,2,20.15
2024,Samastipur,94,991,29.2,63.2,Loamy,6.5,97,35,36,181,1,17.81
2023,Bhojpur,70,981,29.2,60.4,Sandy,6.0,99,38,36,216,3,17.73
2024,Samastipur,57,998,26.9,73.1,Sandy,6.5,85,52,30,169,4,16.7
2022,Gaya,83,982,28.5,66.6,Sandy,7.1,91,39,46,184,2,17.75
2022,Gaya,57,768,27.8,70.8,Sandy,6.5,81,53,38,166,4,16.12
2025,Bhojpur,69,847,31.1,69.9,Clay,6.7,86,49,42,167,4,16.85
2023,Samastipur,49,710,28.2,61.6,Loamy,6.0,95,42,48,194,2,16.87
2021,Patna,98,953,27.5,68.1,Clay,5.9,82,54,48,202,2,17.65
2021,Bhojpur,70,1029,27.2,64.4,Loamy,6.0,82,51,46,217,2,17.28
2024,Gaya,82,1059,28.6,68.4,Loamy,6.6,106,35,39,214,2,19.05
2025,Gaya,71,737,30.4,64.1,Loamy,5.9,119,46,39,150,3,19.4
2020,Bhojpur,57,833,28.3,76.8,Clay,6.3,117,53,33,207,3,19.45
2024,Samastipur,98,899,29.3,63.5,Loamy,6.6,112,49,37,175,3,19.89
2025,Gaya,49,722,29.9,79.2,Clay,6.3,107,43,49,169,3,17.98
2023,Samastipur,70,1002,28.2,68.3,Sandy,6.0,80,41,49,159,1,16.66
2023,Gaya,24,1045,27.4,76.9,Sandy,6.2,87,36,47,208,3,16.09
2023,Gaya,48,1001,31.0,72.6,Loamy,7.1,116,43,43,190,2,19.8
2023,Muzaffarpur,23,1062,27.3,74.7,Clay,6.7,111,44,47,154,4,19.25
2023,Gaya,29,1095,27.7,75.4,Sandy,6.5,116,36,43,214,3,19.26
2025,Patna,75,917,31.9,70.1,Clay,5.8,83,53,49,166,1,17.65
2025,Bhojpur,36,840,24.0,70.9,Clay,7.2,109,45,44,171,2,18.38
2022,Bhojpur,93,803,25.5,70.3,Loamy,6.7,85,47,33,190,4,16.7
2021,Samastipur,36,909,27.1,71.8,Sandy,6.2,98,44,42,217,4,17.62
2023,Gaya,88,810,31.5,60.6,Loamy,7.0,111,48,37,218,3,19.29
2020,Patna,53,803,24.6,67.9,Loamy,6.2,88,52,47,160,4,17.22
2025,Samastipur,25,1015,24.1,72.1,Sandy,6.6,91,53,41,205,3,16.96
2020,Muzaffarpur,72,870,24.4,72.0,Sandy,6.7,90,43,43,200,3,17.14
2020,Samastipur,85,1055,24.7,75.9,Clay,6.1,95,41,31,170,2,17.69
2020,Samastipur,96,1023,24.3,73.1,Sandy,7.2,80,37,47,175,2,17.08
2022,Gaya,62,832,27.8,79.8,Clay,6.8,100,54,31,168,1,17.98
2025,Muzaffarpur,94,1075,28.6,65.7,Clay,6.6,109,40,40,209,2,19.96
2020,Samastipur,42,992,26.2,67.2,Clay,6.1,92,36,38,196,2,16.52
2023,Patna,74,1027,27.2,67.7,Sandy,5.9,113,40,41,175,3,19.69
2024,Patna,99,826,24.7,69.3,Loamy,6.2,83,37,46,189,2,16.47
2020,Bhojpur,94,805,26.7,76.7,Clay,6.9,107,50,44,154,3,19.43
2022,Muzaffarpur,35,791,28.2,64.7,Loamy,6.2,117,42,46,170,3,19.18
2025,Muzaffarpur,27,986,29.9,75.5,Loamy,6.6,110,36,47,153,2,18.37
2022,Bhojpur,23,1077,24.0,68.1,Sandy,6.8,106,51,35,172,1,18.66
2020,Samastipur,23,1092,27.7,72.0,Loamy,6.0,84,43,46,164,1,16.55
2025,Muzaffarpur,75,750,26.4,72.7,Loamy,6.8,104,46,47,157,4,18.52
2024,Patna,44,728,30.8,67.5,Sandy,5.9,82,37,37,190,4,14.91
2020,Patna,86,995,29.7,70.3,Clay,7.2,112,45,38,168,2,19.72
2022,Gaya,86,996,28.7,68.3,Loamy,6.5,83,35,35,195,1,16.21
2021,Muzaffarpur,46,913,26.2,61.4,Sandy,6.0,104,47,34,177,3,17.79
2023,Samastipur,51,966,31.3,68.7,Loamy,6.3,99,49,41,217,4,18.2
2022,Bhojpur,69,956,24.4,61.9,Loamy,6.4,113,39,40,164,3,19.31
2025,Bhojpur,80,1001,24.9,68.1,Clay,6.9,105,51,30,186,4,19.13
2020,Samastipur,70,800,27.1,71.9,Loamy,6.8,84,40,40,150,2,16.06
2023,Gaya,38,1045,25.0,71.6,Sandy,6.7,114,45,48,216,1,19.64
2020,Bhojpur,40,809,31.7,73.3,Loamy,5.9,107,52,38,173,4,18.39
2025,Muzaffarpur,24,881,30.4,61.9,Clay,6.0,108,38,31,176,1,17.44
2020,Gaya,61,1012,26.1,73.0,Clay,5.9,88,37,41,189,3,16.55
2021,Muzaffarpur,80,700,28.7,66.2,Sandy,6.6,117,47,33,212,2,19.17
2023,Patna,41,1018,31.9,68.0,Clay,7.0,85,43,33,210,1,16.2
2023,Gaya,40,754,31.1,77.2,Loamy,6.4,98,40,47,185,2,16.94
2025,Bhojpur,89,1070,28.8,60.2,Clay,6.0,90,46,44,173,1,18.38
2021,Gaya,20,1098,31.2,71.8,Sandy,6.6,81,36,48,173,3,15.69
2022,Gaya,24,848,31.9,72.0,Clay,6.9,88,37,42,153,3,15.55
2020,Gaya,31,1008,29.9,67.9,Clay,6.8,100,37,48,216,2,17.49
2024,Gaya,65,836,24.5,64.7,Clay,7.0,103,46,46,183,3,18.38
2020,Muzaffarpur,53,901,27.2,64.7,Sandy,6.2,113,49,35,206,4,19.22
2020,Patna,68,1012,30.7,77.7,Clay,6.1,101,43,45,198,1,18.66
2022,Samastipur,97,816,25.8,68.8,Clay,7.0,82,42,41,202,3,16.72
2020,Gaya,64,853,30.6,66.6,Loamy,6.7,91,45,48,172,4,17.54
2021,Bhojpur,46,990,25.0,69.0,Sandy,6.2,107,50,34,218,2,18.72
2021,Gaya,92,762,24.4,73.4,Clay,6.8,109,38,46,202,4,19.15
2023,Bhojpur,45,943,27.1,62.9,Sandy,6.9,105,35,30,211,2,17.33
2025,Muzaffarpur,66,724,24.3,69.0,Clay,6.7,100,41,39,190,2,17.31
2024,Bhojpur,75,789,31.7,71.8,Clay,6.8,107,36,44,206,1,18.48
2020,Samastipur,82,774,30.6,79.0,Clay,6.3,105,39,40,209,1,18.21
2020,Patna,67,993,30.4,65.1,Loamy,6.6,112,41,42,203,4,19.54
2022,Bhojpur,80,1085,29.0,67.2,Loamy,6.5,100,38,34,219,1,18.21
2025,Bhojpur,45,1090,25.7,67.6,Loamy,7.0,114,39,30,206,1,19.02
2021,Patna,55,909,28.1,72.1,Sandy,7.0,113,35,41,159,1,18.95
2024,Samastipur,20,1046,28.8,67.1,Sandy,7.0,97,35,40,189,4,17.02
2023,Gaya,27,716,28.2,70.7,Loamy,5.8,90,49,46,156,3,16.34
2021,Bhojpur,71,827,26.1,75.6,Sandy,6.8,102,54,33,187,1,18.49
2025,Patna,98,1063,28.1,74.1,Clay,6.9,101,53,44,210,1,19.94
2023,Muzaffarpur,66,950,27.9,68.9,Clay,6.7,96,44,38,152,4,17.78
2022,Patna,75,878,32.0,77.3,Clay,6.9,84,52,49,200,3,17.16
2022,Muzaffarpur,33,881,31.2,71.2,Loamy,7.0,90,37,48,196,1,16.29
2020,Samastipur,47,851,27.7,70.8,Sandy,6.5,109,45,48,217,2,18.79
2025,Gaya,97,724,29.0,60.7,Loamy,6.5,94,49,41,187,4,18.08
2024,Patna,21,879,30.0,79.7,Sandy,6.0,106,45,34,185,1,17.48
2023,Bhojpur,45,897,24.3,62.5,Clay,6.3,114,51,39,190,1,19.38
2021,Samastipur,33,1043,31.2,64.6,Loamy,6.7,112,51,46,218,2,19.65
2025,Patna,78,860,30.9,61.0,Sandy,6.9,99,40,34,162,2,17.72
2025,Bhojpur,75,876,27.7,72.8,Sandy,6.1,95,39,45,207,4,17.75
2022,Patna,26,984,27.1,64.5,Clay,6.0,113,42,36,199,4,18.42
2020,Muzaffarpur,22,762,26.2,63.6,Loamy,6.7,81,36,38,179,2,14.41
2020,Patna,42,849,27.8,61.8,Loamy,5.8,114,50,32,211,4,18.98
2023,Patna,37,853,24.4,62.1,Loamy,6.0,119,54,44,174,2,19.89
2022,Patna,57,855,30.8,71.7,Clay,5.8,107,46,45,176,1,18.64
2025,Samastipur,34,1069,24.3,73.8,Loamy,6.0,118,40,47,200,2,19.89
2024,Patna,83,748,26.6,67.9,Clay,6.1,85,35,43,206,2,16.29
2022,Bhojpur,47,1036,31.5,69.6,Clay,6.3,88,38,32,196,3,16.06
2023,Muzaffarpur,93,783,29.9,73.7,Clay,6.4,99,51,41,188,2,18.69
2023,Muzaffarpur,58,1060,26.3,60.3,Sandy,7.0,80,47,38,165,2,16.62
2022,Patna,76,876,26.0,66.5,Loamy,6.5,87,52,36,171,3,17.12
2023,Samastipur,36,847,24.0,79.5,Loamy,6.8,102,39,38,203,4,17.42
2022,Samastipur,63,817,29.6,71.6,Clay,5.9,82,37,42,170,3,15.83
2021,Bhojpur,44,1041,24.4,65.1,Clay,6.1,83,45,47,165,1,16.82
2022,Patna,36,762,28.3,70.4,Loamy,6.8,104,47,34,208,3,17.49
2022,Muzaffarpur,32,888,31.7,66.9,Clay,5.9,117,38,42,180,1,18.66
2023,Samastipur,44,1059,24.9,70.6,Loamy,6.5,94,48,33,191,4,17.29
2023,Patna,87,748,31.2,62.5,Sandy,6.6,100,45,31,181,3,17.71
2020,Samastipur,29,1026,31.9,62.7,Clay,6.6,114,44,45,208,3,19.19
2020,Samastipur,86,956,24.5,62.9,Loamy,5.8,93,53,38,183,4,18.27
2021,Muzaffarpur,37,923,31.1,78.8,Clay,6.3,115,52,38,158,1,19.57
2020,Gaya,53,840,28.1,74.7,Loamy,6.7,91,40,35,160,3,16.49
2022,Bhojpur,27,914,31.3,63.2,Loamy,6.0,96,49,40,159,1,17.25
2023,Bhojpur,59,1078,28.6,63.8,Clay,6.8,118,44,30,166,3,20.04
2020,Muzaffarpur,61,910,29.3,74.6,Sandy,6.8,88,39,33,217,2,16.41
2020,Samastipur,60,1017,28.4,63.1,Loamy,7.2,114,39,42,197,3,19.5
2021,Patna,25,731,30.9,64.7,Loamy,6.1,92,44,42,201,4,15.87
2025,Samastipur,71,857,29.9,79.3,Loamy,7.0,94,39,42,174,4,17.28
2021,Muzaffarpur,45,984,28.2,65.1,Sandy,6.5,97,37,31,170,1,17.01
2022,Bhojpur,83,1004,30.9,73.2,Sandy,6.3,112,40,38,214,3,19.61
2023,Samastipur,78,985,26.0,79.6,Clay,6.0,85,38,37,212,1,16.73
2021,Bhojpur,75,843,25.3,67.5,Sandy,6.8,106,52,36,200,1,18.72
2020,Patna,78,718,25.3,60.4,Clay,6.1,102,43,33,185,2,17.76
2023,Bhojpur,89,717,26.7,64.9,Clay,6.3,106,51,47,215,2,19.37
2023,Bhojpur,52,956,25.9,76.6,Sandy,5.9,113,47,32,164,4,19.19
2020,Gaya,72,777,31.4,77.3,Clay,6.9,117,49,35,188,1,19.8
2021,Gaya,41,1070,24.8,75.4,Sandy,6.9,93,54,41,219,4,18.08
2020,Gaya,40,874,29.6,62.3,Clay,6.8,115,51,41,150,3,19.56
2025,Bhojpur,89,893,25.5,75.9,Sandy,6.2,87,47,37,172,1,17.46
2023,Muzaffarpur,89,812,31.1,78.4,Sandy,6.0,114,50,30,188,1,19.72
2024,Bhojpur,23,813,31.7,72.0,Clay,6.7,98,38,33,206,3,16.26
2024,Muzaffarpur,94,921,27.7,78.8,Loamy,6.5,109,39,40,183,3,19.1
2022,Muzaffarpur,81,865,31.0,76.5,Clay,6.0,93,39,32,190,4,16.98
2020,Gaya,81,1018,24.0,73.3,Sandy,6.8,99,43,42,162,4,18.69
2020,Samastipur,43,831,30.6,71.5,Loamy,7.2,104,51,46,219,3,18.3
2022,Patna,74,1084,25.8,67.0,Clay,6.8,119,47,39,155,4,20.7
2022,Gaya,28,963,31.3,63.2,Clay,6.8,103,36,41,201,3,17.67
2022,Gaya,22,754,24.0,72.1,Clay,7.1,93,47,44,152,1,16.56
2023,Samastipur,50,1058,28.4,66.4,Loamy,6.1,105,53,39,212,1,19.31
2025,Patna,59,830,30.1,77.3,Sandy,6.6,117,37,43,198,2,19.14
2020,Bhojpur,55,987,26.1,79.9,Clay,7.2,102,44,42,196,1,18.15
2023,Bhojpur,43,965,25.5,75.0,Clay,6.0,101,36,34,204,3,17.06
2022,Gaya,25,1065,24.7,61.8,Clay,6.8,98,47,35,213,4,17.4
2020,Patna,85,861,26.6,65.8,Clay,6.6,82,53,31,214,2,16.38
2023,Gaya,94,1079,28.5,62.2,Clay,6.6,98,51,46,216,4,19.32
2025,Muzaffarpur,23,786,24.9,73.0,Sandy,6.8,88,48,33,164,3,15.8
2023,Gaya,98,754,27.0,75.3,Sandy,7.1,107,46,43,181,1,19.3
2025,Gaya,25,987,24.1,78.5,Clay,6.9,99,46,39,217,2,17.38
2022,Bhojpur,70,877,30.5,68.8,Loamy,5.9,86,45,32,167,3,16.23
