District,Year,Soil_pH,Organic_Carbon(%),Nitrogen(kg/ha),Phosphorus(kg/ha),Potassium(kg/ha),Yield_t_per_ha,crop,avg_temp,avg_humidity,total_rainfall,Rice_Variety,Humidity(%),Irrigation_Type,Fertilizer_Use(kg/ha),Pesticide_Use(kg/ha),Sowing_Date,Harvest_Date,Yield(kg/ha)
Araria,2000,6.36,0.648,397.7,23.26,156.8,5.227,rice,26.75,81.51,1849.8,Sona Masuri,64.4,Borewell,198,2.3,27-06-2000,15-10-2000,3943
Araria,2001,6.35,0.635,378.2,22.62,156.8,5.107,rice,26.78,82.84,1681.9,Swarna,64.5,Borewell,183,4.65,23-06-2001,31-10-2001,3843
Araria,2002,6.36,0.634,365.2,21.12,155.1,5.19,rice,26.42,83.1,1804.6,MTU-1010,81.6,Rainfed,241,1.66,29-06-2002,04-11-2002,4037
Araria,2003,6.4,0.616,388.9,20.41,152.9,5.547,rice,26.32,84.81,2160.1,Swarna Sub1,71,Borewell,136,4.21,27-06-2003,15-10-2003,3928
Araria,2004,6.57,0.614,367,21.6,169.1,5.071,rice,26.24,82.17,1640.4,Swarna,70.2,Canal,207,1.14,24-06-2004,27-10-2004,3859
Araria,2005,6.5,0.629,371.6,20.92,157.1,5.008,rice,26.73,82.12,1955.8,Swarna Sub1,73,Canal,163,3.77,26-06-2005,02-11-2005,3891
Araria,2006,6.52,0.613,368.1,20.67,159.9,5.412,rice,26.95,81.7,1571,Sona Masuri,82.3,Borewell,132,2.19,28-06-2006,27-10-2006,3543
Araria,2007,6.55,0.615,364.7,21,152,5.292,rice,26.75,83.14,2125.9,Swarna,65.2,Canal,208,4.92,30-06-2007,24-10-2007,4026
Araria,2008,6.57,0.627,375,21.2,150.9,5.073,rice,26.59,83.01,1830.4,IR64,60,Borewell,158,2.88,27-06-2008,27-10-2008,3668
Araria,2009,6.62,0.604,364.4,19.39,160.2,5.308,rice,26.99,82.16,1828.2,Sona Masuri,86.1,Canal,191,1.41,28-06-2009,28-10-2009,3765
Araria,2010,6.57,0.591,360.8,20.72,152.1,5.173,rice,27.01,83.1,1826.3,Sona Masuri,72.2,Rainfed,204,4.49,25-06-2010,14-10-2010,3760
Araria,2011,6.61,0.605,373.3,18.79,153.7,5.274,rice,26.58,83.14,2117.8,Swarna Sub1,81.4,Canal,188,1.54,23-06-2011,20-10-2011,4119
Araria,2012,6.64,0.606,350.3,21.27,166.7,4.97,rice,26.66,80.71,1573.5,IR64,78.3,Rainfed,168,1.12,30-06-2012,07-11-2012,3712
Araria,2013,6.67,0.614,366.8,20.33,155.5,5.521,rice,26.48,83.38,1646.8,Swarna,72.5,Rainfed,210,3.67,30-06-2013,24-10-2013,3825
Araria,2014,6.67,0.641,379.5,21.69,169.2,5.45,rice,26.74,82.55,1731.1,MTU-1010,66.5,Canal,141,4.42,20-06-2014,22-10-2014,3566
Araria,2015,6.69,0.628,373.5,20.94,166,5.137,rice,26.96,82.13,1484.2,Sharbati,61.6,Canal,176,2.56,21-06-2015,17-10-2015,3520
Araria,2016,6.7,0.636,385.2,22.27,172.2,5.526,rice,26.93,83.01,1908.9,Sharbati,88.7,Borewell,165,4.99,16-06-2016,06-10-2016,3787
Araria,2017,6.64,0.644,369.4,21.42,171.5,5.504,rice,26.96,83.34,1556.7,Swarna,64.9,Rainfed,236,3.74,21-06-2017,23-10-2017,3566
Araria,2018,6.68,0.642,381.9,21.02,159.7,5.466,rice,27.13,80.21,1095.6,Swarna,66.7,Canal,136,2.74,21-06-2018,12-10-2018,3427
Araria,2019,6.74,0.665,366.1,22.41,165.4,5.529,rice,27.18,82.33,1973.8,Swarna Sub1,74.2,Borewell,136,2.08,21-06-2019,16-10-2019,3705
Araria,2020,6.76,0.645,382.6,22.8,156.7,5.714,rice,27.06,82.09,2127.5,Sharbati,86.1,Canal,202,1.93,15-06-2020,09-10-2020,4106
Arwal,2000,6.44,0.448,217.7,7.84,206,4.176,rice,27.23,76.73,890.8,IR64,79.8,Canal,181,2.46,24-06-2000,24-10-2000,2974
Arwal,2001,6.46,0.433,205.4,8.39,185.8,4.076,rice,27.12,80.25,1012.1,IR64,72.6,Borewell,143,3.2,19-06-2001,27-10-2001,3096
Arwal,2002,6.49,0.42,219.3,8.22,180.6,4.232,rice,27.33,77.55,990.8,IR64,79.1,Borewell,132,1.81,26-06-2002,26-10-2002,2871
Arwal,2003,6.49,0.414,221.7,9.41,198,4.266,rice,27.22,78.56,1357.3,MTU-1010,69.4,Canal,175,3.97,22-06-2003,27-10-2003,3229
Arwal,2004,6.54,0.398,213.5,9.41,197.4,4.129,rice,27.12,76.28,961.6,Sona Masuri,72,Canal,200,3.95,15-06-2004,22-10-2004,2964
Arwal,2005,6.56,0.397,212.9,9.87,179.5,3.967,rice,27.83,73.08,814.6,Swarna,63.1,Borewell,145,1.92,18-06-2005,15-10-2005,2968
Arwal,2006,6.52,0.371,207.3,9.76,188.8,4.174,rice,27.57,77.3,1197.3,IR64,74.8,Borewell,195,3.31,17-06-2006,09-10-2006,3111
Arwal,2007,6.62,0.403,211.1,10.19,190.1,4.074,rice,27.59,78.25,1265.3,Sona Masuri,89.8,Borewell,131,3.55,22-06-2007,12-10-2007,3149
Arwal,2008,6.58,0.37,203.4,8.78,193.3,4.453,rice,27.34,78.69,1358.7,IR64,87.5,Rainfed,177,2.22,26-06-2008,31-10-2008,3321
Arwal,2009,6.58,0.384,201.1,9.4,186.8,3.835,rice,28.19,72.26,932.6,Sharbati,64.4,Canal,124,3.3,23-06-2009,23-10-2009,2772
Arwal,2010,6.66,0.369,204.1,8.11,182.6,4.225,rice,28.66,75.3,851.7,IR64,88.1,Canal,202,1.59,18-06-2010,25-10-2010,2920
Arwal,2011,6.64,0.385,212.9,10.1,186,3.94,rice,27.53,77.55,1161.3,Swarna Sub1,68,Borewell,169,2.58,18-06-2011,07-10-2011,2991
Arwal,2012,6.69,0.385,220.6,9.42,188.8,4.293,rice,27.81,73.17,1039.4,Swarna,89.6,Canal,130,3.21,27-06-2012,04-11-2012,2960
Arwal,2013,6.73,0.416,213.9,9.31,197.5,4.141,rice,27.05,79.62,1048.1,IR64,88.2,Rainfed,176,1.23,25-06-2013,24-10-2013,3015
Arwal,2014,6.69,0.402,217.5,8.59,183,3.898,rice,27.52,76.95,779.9,IR64,68.4,Borewell,181,1.52,16-06-2014,11-10-2014,2786
Arwal,2015,6.65,0.405,214.4,10.88,200.7,4.121,rice,28.26,73.62,789.6,Sharbati,81.6,Rainfed,159,4.13,24-06-2015,31-10-2015,2892
Arwal,2016,6.71,0.413,216.1,9.55,199.2,4.258,rice,27.86,77.5,1147.6,MTU-1010,69.4,Borewell,149,3.41,19-06-2016,26-10-2016,3096
Arwal,2017,6.74,0.412,220.1,11.55,198.3,4.603,rice,27.94,78.83,1135,IR64,87.9,Rainfed,208,2.1,26-06-2017,21-10-2017,3010
Arwal,2018,6.71,0.437,221.2,9.41,193.8,4.464,rice,28.34,73.66,1203.5,Sharbati,81.4,Canal,196,4.7,21-06-2018,20-10-2018,2851
Arwal,2019,6.69,0.444,232,9.91,198.3,4.507,rice,28.5,76.98,1299.3,IR64,83.2,Borewell,134,4.4,28-06-2019,16-10-2019,2852
Arwal,2020,6.72,0.454,210.4,9.42,189.5,4.155,rice,27.66,81.04,1299.8,Sona Masuri,72.6,Borewell,185,4.24,19-06-2020,20-10-2020,3016
Aurangabad,2000,6.46,0.536,250.3,9.53,182.6,4.226,rice,27.12,75.59,791.1,Swarna Sub1,83.6,Borewell,193,2.59,24-06-2000,29-10-2000,2979
Aurangabad,2001,6.43,0.526,233.9,9.74,170.8,4.011,rice,26.99,80.1,921.7,IR64,71.6,Borewell,205,2.58,18-06-2001,24-10-2001,3051
Aurangabad,2002,6.45,0.542,217.2,8.7,169.1,3.758,rice,27.25,76.25,905.2,IR64,74.1,Borewell,117,1.31,30-06-2002,27-10-2002,3037
Aurangabad,2003,6.5,0.523,233.1,9.15,179.6,3.732,rice,27.09,78.18,1490.3,Sona Masuri,76,Canal,183,2.13,26-06-2003,15-10-2003,3231
Aurangabad,2004,6.54,0.527,237,9.68,179.2,4.304,rice,26.95,75.77,845.6,Sharbati,78.2,Rainfed,171,2.2,30-06-2004,07-11-2004,2963
Aurangabad,2005,6.54,0.512,226.7,8.36,169.1,3.729,rice,27.75,71.4,742.4,Sharbati,63.5,Borewell,122,2.24,18-06-2005,15-10-2005,2847
Aurangabad,2006,6.56,0.514,231.9,8.53,181,4.04,rice,27.32,77.03,1343.5,MTU-1010,84.9,Borewell,213,1.34,16-06-2006,05-10-2006,3181
Aurangabad,2007,6.57,0.499,234.7,9.24,166,3.874,rice,27.38,77.5,1062.9,IR64,85.7,Canal,127,2.6,22-06-2007,15-10-2007,3099
Aurangabad,2008,6.6,0.491,230.7,7.88,181.8,4.097,rice,27.25,76.8,1194,Swarna Sub1,68.8,Rainfed,127,1.4,28-06-2008,29-10-2008,2979
Aurangabad,2009,6.6,0.499,208.7,8.07,171.2,3.664,rice,28.08,71.42,967,MTU-1010,75.7,Rainfed,165,1.62,21-06-2009,16-10-2009,2978
Aurangabad,2010,6.65,0.51,217.4,8.28,173.4,4.187,rice,28.66,73.44,711.6,MTU-1010,89.4,Borewell,214,1.96,23-06-2010,31-10-2010,2984
Aurangabad,2011,6.6,0.5,243.1,7.7,165.7,3.83,rice,27.36,76.6,1238.6,MTU-1010,82.8,Borewell,217,4.08,24-06-2011,26-10-2011,3237
Aurangabad,2012,6.64,0.512,232.3,7.67,177.9,3.832,rice,27.52,73.52,1046.1,Swarna,83.8,Borewell,157,1.97,19-06-2012,25-10-2012,2906
Aurangabad,2013,6.7,0.505,227.1,9.6,180.7,4.026,rice,26.93,78.67,902.3,Sharbati,70.3,Borewell,165,1.87,24-06-2013,16-10-2013,2895
Aurangabad,2014,6.62,0.524,225.7,9.43,169,4.052,rice,27.64,74.28,757.9,Sharbati,76,Canal,200,3.95,26-06-2014,30-10-2014,3060
Aurangabad,2015,6.66,0.512,241.5,9.5,175.2,4.25,rice,28.16,72.97,746.1,MTU-1010,71.1,Rainfed,197,4.93,30-06-2015,19-10-2015,2951
Aurangabad,2016,6.68,0.533,239.8,8.88,183.1,3.939,rice,27.68,76.47,1256.7,Swarna Sub1,69.5,Borewell,146,2.06,30-06-2016,26-10-2016,3170
Aurangabad,2017,6.69,0.553,231.1,7.52,191.3,4.526,rice,27.86,76.81,1056.6,Swarna Sub1,84.6,Borewell,124,2.37,23-06-2017,27-10-2017,2910
Aurangabad,2018,6.7,0.527,238.8,9.29,181.9,3.847,rice,28.02,72.88,1421,Sharbati,61.3,Canal,109,2.67,16-06-2018,16-10-2018,3144
Aurangabad,2019,6.73,0.558,231.1,10.15,196.7,4.147,rice,28.33,76.79,1237.7,Swarna Sub1,63.8,Borewell,155,3.94,17-06-2019,12-10-2019,2977
Aurangabad,2020,6.71,0.559,249.8,8.28,186.8,4.065,rice,27.47,80.86,1216.2,Swarna Sub1,61.7,Borewell,192,1.61,29-06-2020,25-10-2020,3255
Banka,2000,6.6,0.449,231.7,10.29,209,4.285,rice,26.96,78.52,846.3,Sharbati,64.4,Borewell,218,1.59,26-06-2000,30-10-2000,2974
Banka,2001,6.62,0.447,221.6,9.49,203,4.21,rice,26.83,82.17,940.9,Sharbati,86.2,Canal,172,4.96,28-06-2001,29-10-2001,3117
Banka,2002,6.63,0.451,206.8,9.52,206.5,4.245,rice,26.7,81.39,949,MTU-1010,74.2,Canal,205,1.95,29-06-2002,02-11-2002,2828
Banka,2003,6.65,0.408,202.8,9.18,189.7,4.031,rice,26.86,81.4,1113.4,Swarna,61.8,Canal,139,4.07,28-06-2003,19-10-2003,3192
Banka,2004,6.61,0.424,217.3,9.56,196.4,4.236,rice,26.58,80.31,1119.9,Swarna Sub1,79.9,Borewell,190,1.83,26-06-2004,20-10-2004,3039
Banka,2005,6.68,0.411,200,10.16,200.2,4.334,rice,27.36,78.33,896.9,Swarna,78.8,Borewell,207,1.06,27-06-2005,16-10-2005,2905
Banka,2006,6.66,0.423,197.9,9.65,199.2,4.012,rice,27.2,80.22,892.7,Sharbati,76.3,Borewell,153,3.08,29-06-2006,24-10-2006,2682
Banka,2007,6.62,0.418,202.4,8.79,198.9,4.42,rice,27.17,81.18,1507.4,Swarna,72.1,Canal,209,2.67,22-06-2007,19-10-2007,3245
Banka,2008,6.61,0.391,196.7,10.73,200.1,4.308,rice,26.87,80.87,1126.3,Swarna Sub1,63.8,Canal,162,3.12,26-06-2008,17-10-2008,3276
Banka,2009,6.66,0.39,206.6,9.56,200.7,4.147,rice,27.51,77.53,1073.5,MTU-1010,62.5,Rainfed,178,3.48,16-06-2009,16-10-2009,2913
Banka,2010,6.71,0.398,208.2,10.1,186.6,3.797,rice,27.85,79.77,938.1,Swarna Sub1,88.7,Canal,183,1.39,29-06-2010,01-11-2010,2927
Banka,2011,6.74,0.415,195.4,8.05,198.5,4.391,rice,26.97,81.15,1097.8,Sona Masuri,78.8,Canal,181,3.68,18-06-2011,14-10-2011,3123
Banka,2012,6.77,0.415,202.2,8.9,199.6,4.194,rice,27.26,77.22,863.5,Sharbati,89.2,Canal,186,4.36,24-06-2012,16-10-2012,2931
Banka,2013,6.69,0.437,221.1,10.6,195.5,4.476,rice,26.66,81.48,844.6,Swarna,67.3,Canal,152,1.65,26-06-2013,16-10-2013,2996
Banka,2014,6.75,0.428,218.4,10.27,207.1,4.434,rice,27.04,80.29,941.7,Sharbati,85.9,Canal,177,2.01,27-06-2014,30-10-2014,3021
Banka,2015,6.74,0.413,210.7,9.39,196.5,4.588,rice,27.58,78.19,1172.4,Sharbati,79.2,Rainfed,188,4.41,22-06-2015,16-10-2015,3169
Banka,2016,6.79,0.452,213.7,10.99,205.8,4.416,rice,27.37,80.03,1073.1,Sona Masuri,88,Canal,194,1.22,30-06-2016,05-11-2016,3007
Banka,2017,6.71,0.449,213.8,8.95,207,4.357,rice,27.44,81.6,1362.4,MTU-1010,69.5,Borewell,146,3.75,25-06-2017,22-10-2017,3050
Banka,2018,6.8,0.461,215,10.26,209.2,4.379,rice,27.61,78.09,1058.2,MTU-1010,89.3,Canal,176,4.44,29-06-2018,22-10-2018,3235
Banka,2019,6.72,0.457,210.5,9.14,213.5,4.477,rice,28.06,79.83,1277.4,Swarna Sub1,78.6,Borewell,153,4.45,22-06-2019,27-10-2019,3127
Banka,2020,6.7,0.465,226.1,11.06,218.2,4.464,rice,27.6,82.12,1421.7,MTU-1010,66.3,Canal,224,2.25,27-06-2020,30-10-2020,3417
Begusarai,2000,7.06,0.565,326.9,17,223.8,4.648,rice,27.5,77.62,1455.5,Swarna Sub1,81.6,Canal,212,2.93,25-06-2000,13-10-2000,3528
Begusarai,2001,7.1,0.575,316,16.71,210.9,4.957,rice,27.4,80.98,1049.7,Swarna,75.8,Canal,151,3.06,24-06-2001,14-10-2001,3029
Begusarai,2002,7.06,0.569,338,16.66,225.8,5.156,rice,27.29,79.92,888.7,Swarna Sub1,66.7,Borewell,226,3.24,17-06-2002,07-10-2002,3248
Begusarai,2003,7.1,0.549,322.8,17.13,232.3,5.239,rice,27.37,79.93,1269.8,Sona Masuri,78.7,Canal,168,1.62,28-06-2003,04-11-2003,3396
Begusarai,2004,7.01,0.554,317.2,16.36,217.6,5.112,rice,27.1,79.19,1224.4,IR64,67.3,Canal,217,1.42,28-06-2004,19-10-2004,3453
Begusarai,2005,7.02,0.54,321.1,17.01,199.5,5.2,rice,27.86,76.72,820,Sona Masuri,76.6,Borewell,96,4.4,23-06-2005,17-10-2005,3037
Begusarai,2006,6.97,0.52,316.3,16.65,205.9,5.199,rice,27.71,79.09,1071.1,Sharbati,87.1,Rainfed,165,1.59,26-06-2006,17-10-2006,3250
Begusarai,2007,6.94,0.526,310.5,16.46,210.6,4.875,rice,27.66,79.8,1524.1,Swarna Sub1,70.2,Canal,165,3.5,17-06-2007,25-10-2007,3656
Begusarai,2008,6.99,0.525,298.4,14.85,207.8,4.987,rice,27.51,80.09,1212.3,IR64,82.1,Canal,171,2.62,26-06-2008,27-10-2008,3313
Begusarai,2009,6.95,0.52,313.7,17.09,200.1,4.836,rice,28.02,76.39,1140.4,Swarna Sub1,70.3,Canal,180,4.94,22-06-2009,17-10-2009,3313
Begusarai,2010,6.91,0.518,320.2,15.9,190.7,4.743,rice,28.5,77.64,983.2,Sharbati,64.8,Borewell,198,1.37,29-06-2010,19-10-2010,3292
Begusarai,2011,6.91,0.516,309.5,16.4,205.5,5.24,rice,27.59,79.59,1204.6,Sharbati,62,Borewell,169,3.16,29-06-2011,26-10-2011,3243
Begusarai,2012,6.9,0.52,319.1,15.27,211.3,5.096,rice,27.84,75.89,946.7,IR64,60.9,Canal,201,1.94,17-06-2012,25-10-2012,3119
Begusarai,2013,6.91,0.552,312.8,18.28,209.3,4.917,rice,27.15,80.67,992.3,Swarna Sub1,60.6,Canal,151,2.21,29-06-2013,31-10-2013,3262
Begusarai,2014,6.9,0.532,314.2,17.08,215.6,5.008,rice,27.48,79.71,1088.4,Sona Masuri,86.9,Borewell,161,1.34,19-06-2014,18-10-2014,3135
Begusarai,2015,6.92,0.561,334.2,17.31,222.1,4.869,rice,28.19,76.98,1075,Sharbati,87.3,Canal,174,4.75,26-06-2015,18-10-2015,3385
Begusarai,2016,6.88,0.548,326.1,16.56,214.6,5.523,rice,27.93,78.98,1214.1,Swarna,86.2,Canal,187,1.08,26-06-2016,01-11-2016,3523
Begusarai,2017,6.88,0.568,325.8,17.21,217.2,5.313,rice,27.81,79.81,1187.6,Sharbati,75.9,Rainfed,157,4.39,26-06-2017,02-11-2017,3292
Begusarai,2018,6.91,0.587,332.6,17.75,211.9,5.267,rice,28.13,76.62,986,MTU-1010,82.6,Canal,133,2.88,28-06-2018,21-10-2018,3119
Begusarai,2019,6.9,0.586,334.3,18.12,223.4,5.515,rice,28.42,78.23,1257,IR64,73.5,Canal,179,1.39,26-06-2019,26-10-2019,3301
Begusarai,2020,6.87,0.581,337.8,15.2,224.4,4.639,rice,27.84,80.57,1552.9,Sharbati,87.8,Borewell,169,3.65,20-06-2020,24-10-2020,3553
Bhagalpur,2000,7.6,0.549,283.2,13.23,216.1,4.53,rice,27.33,78.35,1015.9,MTU-1010,65.9,Borewell,224,2.32,19-06-2000,26-10-2000,3114
Bhagalpur,2001,7.58,0.539,274.9,14.08,225.8,4.557,rice,27.19,81.81,1016.5,IR64,62,Borewell,139,1.04,29-06-2001,18-10-2001,3163
Bhagalpur,2002,7.46,0.553,269.2,13.04,227.6,4.807,rice,26.95,81.35,1000.7,Sharbati,89.1,Borewell,143,4.26,26-06-2002,28-10-2002,3037
Bhagalpur,2003,7.51,0.558,269.4,13.64,225.9,4.544,rice,26.99,81.62,1218.2,Swarna Sub1,77.5,Canal,176,4.77,16-06-2003,19-10-2003,3296
Bhagalpur,2004,7.41,0.548,268.4,12.7,217.7,4.677,rice,26.87,80.62,1182.7,MTU-1010,87.4,Rainfed,137,3.29,24-06-2004,15-10-2004,3213
Bhagalpur,2005,7.36,0.538,272.9,12.92,223.6,4.651,rice,27.58,78.63,939.5,Swarna,80.4,Rainfed,200,3.69,21-06-2005,29-10-2005,3362
Bhagalpur,2006,7.28,0.544,262.2,11.83,211.6,4.43,rice,27.48,80.21,972.6,Sona Masuri,80.8,Rainfed,198,2.34,24-06-2006,31-10-2006,3155
Bhagalpur,2007,7.27,0.522,262.1,13.58,218.8,4.64,rice,27.45,80.95,1532.9,MTU-1010,68.7,Canal,158,1.42,27-06-2007,22-10-2007,3257
Bhagalpur,2008,7.25,0.526,246.5,12.72,202.6,4.582,rice,27.21,81.2,1195.5,MTU-1010,86.7,Canal,131,4.52,23-06-2008,31-10-2008,3141
Bhagalpur,2009,7.2,0.525,271.5,13.11,211.5,4.715,rice,27.6,78.86,1148.8,IR64,67.8,Canal,243,4.25,22-06-2009,29-10-2009,3168
Bhagalpur,2010,7.16,0.509,268.6,12.43,218.2,4.735,rice,28.03,79.93,983.3,Sharbati,82.4,Canal,149,2.69,29-06-2010,02-11-2010,3102
Bhagalpur,2011,7.11,0.526,268.3,13.07,210.5,4.513,rice,27.27,80.78,1211.5,Swarna,81,Rainfed,185,3.61,15-06-2011,15-10-2011,3220
Bhagalpur,2012,7.1,0.529,257.2,13.44,209.4,4.638,rice,27.54,77.77,903.8,Sharbati,78.2,Rainfed,167,1.87,17-06-2012,15-10-2012,3161
Bhagalpur,2013,7.1,0.555,255.9,14.37,219.4,4.812,rice,26.97,81.2,926,Sona Masuri,73.6,Canal,175,3.67,25-06-2013,20-10-2013,3094
Bhagalpur,2014,7.07,0.542,267.8,14.46,217.5,4.949,rice,27.29,80.62,972.5,Swarna,60.2,Rainfed,159,4.46,21-06-2014,10-10-2014,3001
Bhagalpur,2015,7.03,0.544,262.5,13.76,230.6,4.75,rice,27.78,78.86,1243.9,Swarna,77,Canal,201,4.72,15-06-2015,03-10-2015,3257
Bhagalpur,2016,7.02,0.54,271.3,12.22,218.2,4.81,rice,27.63,80.2,1138.6,Swarna Sub1,80.3,Canal,231,4.55,25-06-2016,01-11-2016,3549
Bhagalpur,2017,7.05,0.586,270.6,14.75,226.8,4.841,rice,27.63,82.55,1388.5,Sharbati,78.6,Canal,218,2.16,22-06-2017,28-10-2017,3468
Bhagalpur,2018,7.01,0.566,278.2,13.38,218.7,4.575,rice,27.88,79.56,957.6,IR64,70.6,Borewell,132,4.64,26-06-2018,27-10-2018,3220
Bhagalpur,2019,7,0.57,274.7,13.81,233.5,4.905,rice,28.15,80.82,1379.5,Sharbati,82.4,Borewell,175,2.68,20-06-2019,15-10-2019,3242
Bhagalpur,2020,6.95,0.592,294.2,14.31,236.3,5.181,rice,27.72,82.64,1477.8,Swarna Sub1,86.1,Rainfed,145,3.36,29-06-2020,05-11-2020,3392
Bhojpur,2000,6.37,0.38,201.2,13.87,190.8,3.678,rice,27.41,76.8,917.5,MTU-1010,71.8,Rainfed,162,2.68,29-06-2000,02-11-2000,2849
Bhojpur,2001,6.38,0.375,180.6,14.99,190.3,4.263,rice,27.3,80.11,1054.7,MTU-1010,64.7,Canal,161,1.83,15-06-2001,20-10-2001,2933
Bhojpur,2002,6.44,0.373,184.4,13.82,200.7,3.636,rice,27.46,77.72,1029.2,IR64,88,Rainfed,184,3.63,20-06-2002,28-10-2002,2950
Bhojpur,2003,6.41,0.362,184.3,14.29,192.3,3.951,rice,27.32,78.44,1250,IR64,67.4,Borewell,170,4.42,28-06-2003,03-11-2003,3013
Bhojpur,2004,6.52,0.373,184.8,14.44,190.1,3.978,rice,27.3,76.26,893.6,Sharbati,76.3,Borewell,152,3.54,15-06-2004,10-10-2004,2925
Bhojpur,2005,6.54,0.359,182.4,14.78,172.8,3.795,rice,28.03,73.04,899,Swarna,85.6,Borewell,180,4.85,20-06-2005,10-10-2005,2896
Bhojpur,2006,6.5,0.349,179.4,12.33,180.6,3.857,rice,27.8,77.13,1094.4,Sona Masuri,64.6,Canal,153,1.55,15-06-2006,06-10-2006,2877
Bhojpur,2007,6.63,0.366,177.2,13.17,178.7,3.729,rice,27.8,78.04,1350,MTU-1010,72.3,Canal,175,2.54,20-06-2007,23-10-2007,2892
Bhojpur,2008,6.57,0.333,178.9,12.11,180,4.026,rice,27.51,79.24,1402.3,Swarna Sub1,70.9,Borewell,148,2.14,20-06-2008,20-10-2008,3078
Bhojpur,2009,6.61,0.342,168,14.01,178.8,4.131,rice,28.33,72.39,962.4,Sona Masuri,83.4,Borewell,149,3.19,18-06-2009,14-10-2009,2772
Bhojpur,2010,6.61,0.319,175.1,13.55,186.4,3.96,rice,28.76,75.63,939.7,Swarna,65.7,Rainfed,170,1.67,26-06-2010,16-10-2010,2704
Bhojpur,2011,6.67,0.35,177,13.96,195.7,4.42,rice,27.72,77.61,1170.7,Swarna,66.5,Borewell,225,4.21,15-06-2011,18-10-2011,2983
Bhojpur,2012,6.6,0.338,192.4,12.62,177.7,3.964,rice,28.02,72.9,1163,IR64,67.3,Rainfed,228,1.81,15-06-2012,20-10-2012,2993
Bhojpur,2013,6.66,0.353,176.7,13.03,182.8,3.925,rice,27.23,79.67,1024.6,Swarna Sub1,82.3,Borewell,214,1.06,29-06-2013,26-10-2013,2912
Bhojpur,2014,6.73,0.364,190.4,13.29,187.4,4.011,rice,27.69,77.2,815.3,Sona Masuri,77.8,Canal,146,1.01,27-06-2014,21-10-2014,2906
Bhojpur,2015,6.59,0.354,170.3,11.98,182.8,4.32,rice,28.39,74.09,834.3,IR64,85.5,Canal,168,4.65,20-06-2015,28-10-2015,2859
Bhojpur,2016,6.68,0.388,189.5,14.52,186,4.296,rice,27.98,77.7,1090,Sharbati,70,Rainfed,130,3.35,18-06-2016,10-10-2016,2875
Bhojpur,2017,6.71,0.376,192.1,14.45,189.6,3.995,rice,28,77.97,1203.5,Sharbati,86.8,Rainfed,214,1.14,20-06-2017,27-10-2017,3170
Bhojpur,2018,6.66,0.39,191.7,13.47,194.5,4.326,rice,28.43,72.96,1159.5,Swarna,76.3,Canal,166,2.49,17-06-2018,11-10-2018,3115
Bhojpur,2019,6.73,0.411,200.7,13.41,205.9,4.197,rice,28.5,76.38,1239.7,IR64,62.9,Canal,130,2.39,21-06-2019,20-10-2019,2942
Bhojpur,2020,6.75,0.403,188.6,12.87,196.3,3.99,rice,27.67,80.14,1393.2,MTU-1010,61.4,Canal,177,2.57,30-06-2020,20-10-2020,3056
Buxar,2000,6.15,0.494,188.6,13.99,175.7,3.754,rice,27.36,76.16,912.9,Sona Masuri,71.8,Borewell,147,1.39,28-06-2000,30-10-2000,2797
Buxar,2001,6.25,0.467,176.3,13.27,173,3.833,rice,27.28,79.39,1147.8,Sharbati,75.5,Rainfed,198,4.75,29-06-2001,06-11-2001,3254
Buxar,2002,6.22,0.483,207.5,13.23,172.8,3.759,rice,27.55,76.38,943.6,IR64,72,Rainfed,205,2.17,28-06-2002,19-10-2002,2930
Buxar,2003,6.29,0.457,192.5,13.18,161.4,3.688,rice,27.3,77.55,1323.2,Swarna Sub1,71.3,Canal,216,1.21,27-06-2003,31-10-2003,3272
Buxar,2004,6.3,0.464,189.9,10.78,173.7,3.953,rice,27.32,75.5,841.4,IR64,65,Canal,189,4.05,20-06-2004,20-10-2004,2786
Buxar,2005,6.37,0.444,180.6,13.37,152.5,3.741,rice,28.04,71.89,900.4,IR64,63.1,Canal,184,4.94,18-06-2005,07-10-2005,2930
Buxar,2006,6.37,0.471,182.2,12.64,171.7,4.191,rice,27.72,76.34,1123.2,Sona Masuri,89.5,Canal,199,4.72,30-06-2006,03-11-2006,3107
Buxar,2007,6.43,0.462,174.7,13.2,162.9,3.757,rice,27.8,77.14,1252.7,IR64,68.6,Canal,247,1.12,19-06-2007,11-10-2007,3066
Buxar,2008,6.46,0.438,187.5,12.96,168.3,3.556,rice,27.46,78.14,1301.5,Swarna Sub1,81.7,Borewell,171,1,23-06-2008,26-10-2008,3074
Buxar,2009,6.49,0.456,169.7,11.27,171,3.902,rice,28.29,71.49,976.7,Swarna,60.5,Borewell,220,3.02,26-06-2009,30-10-2009,2862
Buxar,2010,6.53,0.462,187.5,12.59,181.1,3.868,rice,28.77,74.58,938,Swarna,69.6,Borewell,194,4.86,27-06-2010,15-10-2010,2989
Buxar,2011,6.51,0.455,188.7,11.74,159.9,4.306,rice,27.68,76.92,1212.7,IR64,65,Borewell,197,3.63,16-06-2011,19-10-2011,3065
Buxar,2012,6.57,0.45,194,12.17,165.9,4.018,rice,28,71.95,1194.7,MTU-1010,72.5,Borewell,143,3.03,20-06-2012,20-10-2012,3204
Buxar,2013,6.54,0.468,203.4,12.72,166.5,3.874,rice,27.17,79.36,1011.3,Sona Masuri,61.7,Borewell,151,2.8,20-06-2013,21-10-2013,2935
Buxar,2014,6.58,0.469,186.6,13.18,159.7,4.122,rice,27.79,75.57,692.5,Swarna Sub1,74.6,Rainfed,218,2.9,25-06-2014,17-10-2014,2725
Buxar,2015,6.6,0.482,182,13.61,178.9,4.179,rice,28.28,73.98,946,Swarna,67.8,Rainfed,199,4.27,23-06-2015,19-10-2015,2935
Buxar,2016,6.58,0.494,195.8,11.36,172.6,4.104,rice,27.93,77.09,1147.4,Swarna,72.6,Rainfed,196,4.44,19-06-2016,16-10-2016,3140
Buxar,2017,6.65,0.494,196.3,13.92,181.4,3.561,rice,28.21,77.89,1184.3,IR64,78.8,Borewell,236,4.18,22-06-2017,11-10-2017,3118
Buxar,2018,6.64,0.498,181.5,12.91,182.9,3.874,rice,28.53,73.7,1211.1,MTU-1010,80.7,Rainfed,149,1.78,26-06-2018,15-10-2018,2840
Buxar,2019,6.67,0.497,191.6,14.11,173.4,4.181,rice,28.54,76.86,1288.8,MTU-1010,85.1,Borewell,224,3.15,30-06-2019,29-10-2019,2954
Buxar,2020,6.62,0.532,203.2,12.88,181.5,3.919,rice,27.77,80.43,1640,Swarna,71,Canal,181,1.98,27-06-2020,29-10-2020,3253
Darbhanga,2000,7.38,0.613,340.5,16.94,215.5,5.218,rice,27.16,77.22,1602.6,MTU-1010,60.9,Canal,100,4.97,28-06-2000,22-10-2000,3480
Darbhanga,2001,7.32,0.608,325.3,14.81,211.9,5.064,rice,27.05,80.42,1245.6,IR64,83.5,Rainfed,217,4.98,21-06-2001,10-10-2001,3464
Darbhanga,2002,7.28,0.583,320.6,16.94,205.5,5.122,rice,26.88,80.21,1010.8,Sona Masuri,86.6,Rainfed,191,1.64,29-06-2002,30-10-2002,3359
Darbhanga,2003,7.21,0.622,327.8,16.19,222.3,5.44,rice,26.73,81.02,1267.9,IR64,61.5,Canal,198,4.92,19-06-2003,25-10-2003,3545
Darbhanga,2004,7.21,0.596,324.7,16.29,206.7,5.044,rice,26.71,79.56,1173.5,Swarna,70.5,Borewell,188,4.41,28-06-2004,25-10-2004,3275
Darbhanga,2005,7.23,0.596,344,15.87,217,5.195,rice,27.52,76.58,859.8,Sharbati,76.4,Canal,147,3.41,28-06-2005,05-11-2005,3119
Darbhanga,2006,7.18,0.585,317.1,16.08,211.1,5.103,rice,27.33,79.25,1172,IR64,83.9,Rainfed,188,3.37,19-06-2006,07-10-2006,3319
Darbhanga,2007,7.09,0.574,310.8,14.22,204.8,5.293,rice,27.19,80.49,1650.2,IR64,66.3,Borewell,251,1.71,21-06-2007,21-10-2007,3627
Darbhanga,2008,7.1,0.56,319.1,15.42,215.7,4.817,rice,27.01,81.17,1307.6,Sharbati,85.8,Borewell,187,4.95,19-06-2008,09-10-2008,3340
Darbhanga,2009,7.07,0.594,322.5,15.92,202.7,5.213,rice,27.61,77.03,1249.1,Sona Masuri,64.6,Rainfed,197,1.66,21-06-2009,24-10-2009,3440
Darbhanga,2010,7.08,0.564,324.3,14.29,203,5.124,rice,27.84,78.51,1060.6,Sharbati,71.6,Canal,208,4.64,28-06-2010,20-10-2010,3272
Darbhanga,2011,7.02,0.579,314.8,14.66,200.5,4.934,rice,27.12,79.89,1462.6,IR64,75.5,Borewell,175,4.09,29-06-2011,31-10-2011,3387
Darbhanga,2012,7.03,0.575,328,14.69,200.8,5.037,rice,27.43,76.04,1093.1,MTU-1010,64.3,Rainfed,128,2.75,25-06-2012,27-10-2012,3265
Darbhanga,2013,7.04,0.597,323.2,16.16,193.2,5.185,rice,26.78,81.1,1320,Sharbati,79,Borewell,185,3.81,21-06-2013,09-10-2013,3700
Darbhanga,2014,7.05,0.602,327.9,16.32,212.8,4.863,rice,27.03,80.49,997.2,IR64,65.5,Canal,175,3.34,16-06-2014,14-10-2014,3331
Darbhanga,2015,6.92,0.609,324.2,17.06,207.1,4.918,rice,27.81,77.44,942.7,Swarna Sub1,66.6,Borewell,177,3.13,21-06-2015,10-10-2015,3241
Darbhanga,2016,6.92,0.587,330.6,15.98,208.1,5.434,rice,27.38,80.15,1333.3,Sharbati,66.6,Canal,237,1.23,25-06-2016,19-10-2016,3544
Darbhanga,2017,6.98,0.62,317.9,16.75,215.6,5.345,rice,27.43,80.52,1528.8,Swarna,86.6,Canal,164,4.52,25-06-2017,20-10-2017,3640
Darbhanga,2018,6.97,0.617,353.6,15.61,218.3,5.033,rice,27.75,76.5,991.9,IR64,67.9,Borewell,236,1.67,20-06-2018,16-10-2018,3265
Darbhanga,2019,6.9,0.651,338,17.17,216.9,5.384,rice,28.06,77.41,1492.7,Swarna Sub1,86.3,Canal,213,2.82,26-06-2019,14-10-2019,3595
Darbhanga,2020,6.96,0.64,328.4,15.98,220.4,5.443,rice,27.52,78.57,1502.9,Sharbati,60.5,Borewell,138,4.9,17-06-2020,08-10-2020,3517
East Champaran,2000,6.86,0.555,276.7,14.91,175.7,4.783,rice,27.2,77.16,1429.2,Swarna Sub1,72,Canal,208,1.76,19-06-2000,10-10-2000,3594
East Champaran,2001,6.94,0.562,279.5,13.45,187.3,4.433,rice,27.09,79.89,1744.8,Swarna Sub1,69.5,Borewell,185,1.65,19-06-2001,22-10-2001,3662
East Champaran,2002,6.82,0.567,265.8,13.58,178.8,4.473,rice,27.09,78.87,1059.3,Swarna,74.8,Borewell,184,4.44,27-06-2002,31-10-2002,3179
East Champaran,2003,6.88,0.546,275.4,14.23,188.1,4.744,rice,26.96,78.66,2130.7,Swarna,61.9,Canal,226,4.39,21-06-2003,27-10-2003,3721
East Champaran,2004,6.93,0.537,270.5,14.71,192.8,4.423,rice,26.8,78.99,1383.2,Swarna,88.7,Rainfed,193,4.8,28-06-2004,21-10-2004,3163
East Champaran,2005,6.86,0.557,273.6,13.89,183,4.648,rice,27.77,74.55,1201.9,IR64,75.5,Canal,207,1.29,19-06-2005,09-10-2005,3322
East Champaran,2006,6.88,0.536,267.8,13.72,179.3,4.765,rice,27.49,78.13,1160.4,Swarna,79.6,Canal,106,1.84,27-06-2006,18-10-2006,3046
East Champaran,2007,6.95,0.515,269.4,12.98,185.8,4.634,rice,27.3,79.46,1948.9,Sharbati,77.5,Canal,222,2.12,23-06-2007,19-10-2007,3712
East Champaran,2008,6.88,0.54,267,14.43,167.4,4.961,rice,27.04,80.76,1710.7,Swarna,70.9,Borewell,206,1.7,27-06-2008,28-10-2008,3677
East Champaran,2009,6.86,0.534,254.3,12.78,181.4,4.645,rice,27.8,75.28,1444.4,IR64,84.2,Borewell,135,1.66,15-06-2009,04-10-2009,3289
East Champaran,2010,6.86,0.529,248.5,14.16,179.6,4.601,rice,28.01,77.52,1351.6,Swarna,77.6,Rainfed,140,2.24,20-06-2010,10-10-2010,3037
East Champaran,2011,6.8,0.53,245.4,14,172,4.654,rice,27.3,78.91,1519.3,Swarna,65.4,Canal,195,3.9,28-06-2011,31-10-2011,3309
East Champaran,2012,6.84,0.544,265.4,13.04,179.4,4.93,rice,27.61,74.05,1391.9,MTU-1010,70.8,Borewell,218,3.62,29-06-2012,22-10-2012,3395
East Champaran,2013,6.85,0.535,267.1,12.45,186.2,4.379,rice,26.86,80.73,1539.4,IR64,72,Canal,175,2.78,16-06-2013,18-10-2013,3335
East Champaran,2014,6.86,0.547,290.2,12.93,184.7,5.081,rice,27.19,79.54,1570.4,Swarna,82.7,Rainfed,113,3.13,26-06-2014,30-10-2014,3329
East Champaran,2015,6.87,0.546,275,13.92,188.4,4.625,rice,28.01,75.72,1041.8,Swarna Sub1,85.7,Borewell,164,2.64,30-06-2015,26-10-2015,3045
East Champaran,2016,6.83,0.544,276.3,14.38,186.8,4.472,rice,27.57,79.22,1496.8,IR64,89.8,Canal,186,1.97,25-06-2016,28-10-2016,3476
East Champaran,2017,6.86,0.571,271.6,13.9,180.6,4.625,rice,27.52,79.83,1496.5,Swarna,88.1,Borewell,177,1.52,16-06-2017,17-10-2017,3489
East Champaran,2018,6.81,0.586,274.4,14.75,187.8,4.903,rice,27.69,76.98,1068.3,IR64,82.1,Canal,138,2.28,27-06-2018,20-10-2018,2998
East Champaran,2019,6.82,0.59,277.3,13.08,184.2,4.774,rice,27.98,77.73,1481.2,IR64,69,Borewell,214,2.37,28-06-2019,25-10-2019,3243
East Champaran,2020,6.78,0.592,279.9,16.35,183.5,4.937,rice,27.49,78.51,1824,Swarna Sub1,89.9,Borewell,149,4.1,19-06-2020,12-10-2020,3517
Gaya,2000,6.26,0.528,145.2,10.57,175.3,4.022,rice,26.95,74.8,729.4,Sharbati,73.8,Borewell,129,2.19,30-06-2000,23-10-2000,2839
Gaya,2001,6.27,0.522,150.2,9.79,170.9,4.174,rice,26.7,80.03,902.3,MTU-1010,79.2,Rainfed,154,2.77,26-06-2001,31-10-2001,2859
Gaya,2002,6.27,0.516,144.6,10.97,170.8,4.263,rice,26.86,77.04,940.1,Sona Masuri,74.9,Rainfed,165,1.25,26-06-2002,24-10-2002,2734
Gaya,2003,6.36,0.499,155.8,10.21,168.8,4.079,rice,26.95,77.56,1267.4,IR64,73.4,Canal,139,2.88,24-06-2003,21-10-2003,3085
Gaya,2004,6.37,0.516,143.4,10.28,167.4,3.939,rice,26.65,76.29,807.3,Sharbati,73.8,Rainfed,215,4.06,15-06-2004,11-10-2004,2802
Gaya,2005,6.45,0.509,162.5,12.53,164.3,4.103,rice,27.46,71.99,706.1,MTU-1010,74.4,Canal,193,4.2,23-06-2005,18-10-2005,2955
Gaya,2006,6.41,0.49,143.1,9.82,163.3,3.98,rice,27.09,76.73,1289,Swarna,64,Borewell,192,4.27,27-06-2006,28-10-2006,3043
Gaya,2007,6.44,0.501,140,12.86,166.1,4.059,rice,27.16,77.52,1194.6,Sona Masuri,88.6,Rainfed,155,4.41,23-06-2007,12-10-2007,2955
Gaya,2008,6.46,0.505,155.5,10.79,159.8,4.106,rice,27.1,76.07,1206.3,Swarna Sub1,89.9,Borewell,179,1.67,23-06-2008,23-10-2008,3105
Gaya,2009,6.49,0.497,152.3,10.58,152.4,3.88,rice,27.86,71.04,908.5,IR64,69.3,Borewell,180,2.32,28-06-2009,27-10-2009,2789
Gaya,2010,6.56,0.49,153.9,9.17,167.9,4.247,rice,28.67,71.57,620.5,Sharbati,60.3,Canal,183,2.81,25-06-2010,23-10-2010,2707
Gaya,2011,6.51,0.484,148.4,10.29,156.4,3.988,rice,27.12,76.46,1172.4,IR64,86.6,Rainfed,192,4.67,18-06-2011,08-10-2011,3034
Gaya,2012,6.57,0.49,142.9,10.26,168.6,4.159,rice,27.31,73.28,889.5,Sharbati,80.1,Canal,219,4.02,19-06-2012,25-10-2012,2949
Gaya,2013,6.59,0.494,149.3,9.16,173,4.105,rice,26.64,78.79,918.2,Sharbati,61.4,Canal,235,3.76,28-06-2013,27-10-2013,2791
Gaya,2014,6.61,0.515,134.1,9.2,173.1,4.138,rice,27.29,74.77,712.1,Swarna Sub1,67.2,Borewell,193,1.09,29-06-2014,19-10-2014,2696
Gaya,2015,6.63,0.508,156.2,11.61,175.7,4.131,rice,27.84,72.91,738,Sharbati,70.5,Canal,175,1.91,20-06-2015,11-10-2015,2641
Gaya,2016,6.58,0.527,161.8,11.46,168.8,4.337,rice,27.47,76.23,1112.7,IR64,71.8,Canal,168,3.69,16-06-2016,22-10-2016,3063
Gaya,2017,6.68,0.542,146.2,10.85,179.9,4.262,rice,27.66,76.28,837.8,MTU-1010,64.2,Canal,174,3.57,22-06-2017,25-10-2017,2751
Gaya,2018,6.63,0.538,159,11.18,178.1,4.217,rice,27.89,71.97,1152.8,IR64,72.3,Borewell,164,2.7,27-06-2018,22-10-2018,2994
Gaya,2019,6.72,0.531,150.8,11.21,183.4,3.996,rice,28.37,75.25,1100.7,Swarna Sub1,71.3,Borewell,238,1.46,21-06-2019,14-10-2019,2947
Gaya,2020,6.64,0.527,156.9,10.39,177.1,4.379,rice,27.38,79.83,1248,Sona Masuri,77.3,Borewell,178,2.3,29-06-2020,04-11-2020,2953
Gopalganj,2000,7.31,0.661,288.4,16.06,242.9,4.703,rice,27.35,76.61,1120.8,Sona Masuri,77.4,Canal,205,4.28,28-06-2000,18-10-2000,3498
Gopalganj,2001,7.32,0.689,277.5,14.62,221.1,5.063,rice,27.16,80.02,1168.5,IR64,86.9,Borewell,183,3.47,22-06-2001,11-10-2001,3541
Gopalganj,2002,7.23,0.671,267.2,14.9,238.1,4.88,rice,27.2,78.95,970.1,MTU-1010,61.3,Borewell,160,3.07,23-06-2002,26-10-2002,3178
Gopalganj,2003,7.19,0.643,276.2,13.93,221.5,5.069,rice,27.08,77.84,1441.3,Swarna,60.9,Canal,172,3.97,26-06-2003,29-10-2003,3493
Gopalganj,2004,7.18,0.649,272.5,15.18,233.3,4.983,rice,27.06,77.96,940.5,Sharbati,75.1,Borewell,170,2.39,19-06-2004,11-10-2004,2996
Gopalganj,2005,7.18,0.643,275.8,14.37,225.6,5.072,rice,27.91,74.37,1020.3,MTU-1010,73.6,Borewell,154,3.46,20-06-2005,14-10-2005,3163
Gopalganj,2006,7.11,0.654,278.5,11.84,234.4,4.486,rice,27.66,77.86,922.9,Swarna,62.8,Rainfed,155,3.49,17-06-2006,13-10-2006,3221
Gopalganj,2007,7.09,0.655,270.1,12.93,219.6,5.216,rice,27.52,79.11,1541.8,IR64,84,Canal,202,2.97,25-06-2007,14-10-2007,3396
Gopalganj,2008,7.03,0.651,270.8,13.07,221.4,4.86,rice,27.2,80.56,1322.5,MTU-1010,65.7,Borewell,161,4.93,19-06-2008,21-10-2008,3405
Gopalganj,2009,7.09,0.642,256.1,13.63,218.6,5.227,rice,28.08,73.54,990,IR64,87.2,Borewell,156,4.02,23-06-2009,14-10-2009,3217
Gopalganj,2010,7,0.645,268.2,12.95,218.5,4.89,rice,28.31,76.61,1069.6,IR64,82,Canal,162,1.66,19-06-2010,07-10-2010,3149
Gopalganj,2011,6.99,0.637,260.8,12.25,222.1,4.697,rice,27.51,78.4,1355.2,Swarna Sub1,73.7,Rainfed,192,2.31,15-06-2011,22-10-2011,3275
Gopalganj,2012,6.99,0.634,265.8,15.71,226.5,5.092,rice,27.87,72.93,1035.1,MTU-1010,70.3,Canal,183,4.78,26-06-2012,25-10-2012,3188
Gopalganj,2013,6.94,0.644,276.6,13.4,233.4,4.872,rice,27.01,80.34,1137.6,Sharbati,87.5,Canal,155,2.59,16-06-2013,10-10-2013,3326
Gopalganj,2014,6.97,0.651,278.3,13.81,228.1,5.067,rice,27.43,78.64,990.5,Swarna,65.6,Rainfed,193,4.74,30-06-2014,05-11-2014,3104
Gopalganj,2015,6.94,0.669,281.1,14.37,228.9,5.305,rice,28.11,75.73,854.1,Swarna Sub1,80.7,Rainfed,195,3.44,25-06-2015,30-10-2015,2973
Gopalganj,2016,6.94,0.668,282.2,15.91,225.2,5.315,rice,27.7,79.07,1311.5,Swarna,70.6,Borewell,159,3.3,21-06-2016,17-10-2016,3196
Gopalganj,2017,6.88,0.681,296.1,15.05,236.1,5.13,rice,27.67,78.89,1683.6,Swarna,68.3,Rainfed,163,3.2,20-06-2017,13-10-2017,3624
Gopalganj,2018,6.93,0.683,279.3,14.54,238,5.081,rice,27.9,75.78,971.5,Sona Masuri,89.7,Borewell,183,1.92,30-06-2018,01-11-2018,3143
Gopalganj,2019,6.89,0.679,290.9,15.32,240,5.417,rice,28.01,77.43,1661.5,Swarna,79.6,Borewell,219,3.65,22-06-2019,11-10-2019,3565
Gopalganj,2020,6.91,0.703,292.3,14.92,237.2,5.693,rice,27.51,78.37,1444.5,Sona Masuri,61.7,Canal,200,3.41,25-06-2020,14-10-2020,3268
Jamui,2000,6.1,0.345,187.7,11.41,175.5,3.622,rice,27.01,78.11,1010.6,Swarna,79.5,Canal,224,2.89,26-06-2000,30-10-2000,3017
Jamui,2001,6.23,0.349,187.6,13.11,174.1,3.938,rice,26.92,81.61,857.3,Sharbati,76.8,Rainfed,171,3.9,21-06-2001,25-10-2001,2857
Jamui,2002,6.23,0.359,173.4,13.59,178.1,3.925,rice,26.84,80.5,799.1,MTU-1010,65.2,Borewell,159,4.2,30-06-2002,31-10-2002,2855
Jamui,2003,6.34,0.337,169.4,12.49,175.6,3.903,rice,27.06,80.21,1035.6,Swarna,84.2,Borewell,195,4.95,27-06-2003,29-10-2003,2903
Jamui,2004,6.33,0.328,185.7,12.24,177.7,4.325,rice,26.73,79.42,1169.2,MTU-1010,60.6,Canal,130,4.16,22-06-2004,14-10-2004,3050
Jamui,2005,6.37,0.34,174.7,11.71,166.3,3.637,rice,27.47,77,904.9,Swarna Sub1,73.5,Borewell,168,2.43,26-06-2005,29-10-2005,3006
Jamui,2006,6.35,0.347,179.9,13.39,167.2,3.818,rice,27.27,79.55,888.6,Swarna Sub1,70.9,Rainfed,206,2.87,28-06-2006,20-10-2006,3080
Jamui,2007,6.45,0.324,181.1,12.86,166.1,3.595,rice,27.24,80.31,1383.3,Sharbati,80.8,Borewell,155,2.48,22-06-2007,29-10-2007,2979
Jamui,2008,6.4,0.317,176.3,11.92,167.1,3.814,rice,27.14,79.73,978.9,Sona Masuri,85.6,Canal,228,3.03,24-06-2008,12-10-2008,3119
Jamui,2009,6.42,0.305,178.2,13.19,159.5,3.825,rice,27.66,76.15,928.1,Sharbati,63.2,Canal,187,3.58,19-06-2009,25-10-2009,2873
Jamui,2010,6.54,0.317,173.3,12.44,161.8,3.933,rice,28.19,77.94,800.5,Swarna Sub1,65.7,Borewell,166,2.96,28-06-2010,28-10-2010,2658
Jamui,2011,6.53,0.323,176.5,13.57,167.5,4.02,rice,27.18,80.13,1106.2,Sharbati,75.6,Canal,236,3.64,17-06-2011,22-10-2011,3201
Jamui,2012,6.58,0.315,162.4,14.26,169.7,3.563,rice,27.34,76.48,885,IR64,71.8,Borewell,301,4.5,29-06-2012,05-11-2012,3016
Jamui,2013,6.55,0.338,176,12.71,177.9,3.74,rice,26.64,81.94,868.7,Swarna,86,Canal,164,4.63,26-06-2013,21-10-2013,2868
Jamui,2014,6.56,0.339,182.8,13.62,176.3,3.992,rice,27.11,79.32,905.4,Sona Masuri,66.1,Borewell,228,2.25,20-06-2014,18-10-2014,3040
Jamui,2015,6.62,0.342,181.5,13.42,173.5,4.118,rice,27.75,77.17,888.3,IR64,82.9,Rainfed,165,2.94,29-06-2015,27-10-2015,2860
Jamui,2016,6.63,0.352,175.9,13.49,173.3,4.038,rice,27.5,79.48,1073.1,IR64,70.8,Canal,205,2.22,22-06-2016,16-10-2016,2865
Jamui,2017,6.7,0.353,187.2,14.39,175.4,4.463,rice,27.5,80.18,895.4,IR64,85.1,Canal,192,1.22,29-06-2017,25-10-2017,2752
Jamui,2018,6.63,0.369,178.8,13.36,177.6,4.21,rice,27.63,76.79,977,MTU-1010,85.9,Canal,173,2.75,21-06-2018,11-10-2018,2917
Jamui,2019,6.67,0.385,185.8,13.47,193.7,4.187,rice,28.11,78.67,1161.9,Sharbati,77.5,Canal,152,1.92,27-06-2019,16-10-2019,3030
Jamui,2020,6.65,0.372,180.4,14.59,176.6,4.116,rice,27.3,82.27,1208.6,MTU-1010,84.5,Canal,166,3.73,25-06-2020,30-10-2020,2979
Jehanabad,2000,6.32,0.463,248.9,11.48,187.3,3.764,rice,27.33,76.5,868.5,Sona Masuri,81.6,Borewell,191,1.17,29-06-2000,28-10-2000,3084
Jehanabad,2001,6.42,0.46,228.9,10.21,172.3,3.833,rice,27.23,80.23,995.2,IR64,70.3,Borewell,185,2.99,17-06-2001,16-10-2001,2832
Jehanabad,2002,6.38,0.448,258.7,11.4,186.2,3.673,rice,27.39,77.74,935.8,Swarna,60.5,Borewell,229,4.22,17-06-2002,05-10-2002,3233
Jehanabad,2003,6.39,0.448,242.7,9.42,179.9,3.815,rice,27.36,78.4,1369.1,Swarna,72.2,Borewell,118,2.39,15-06-2003,21-10-2003,3152
Jehanabad,2004,6.44,0.435,235.8,10.71,180.6,3.915,rice,27.17,76.65,959.8,Sona Masuri,76.3,Rainfed,175,2.63,17-06-2004,10-10-2004,3030
Jehanabad,2005,6.51,0.435,235.2,11.15,182.8,3.752,rice,27.88,73.55,844.6,IR64,75,Borewell,135,2.58,22-06-2005,12-10-2005,2654
Jehanabad,2006,6.52,0.442,248,12.16,173,3.868,rice,27.65,77.36,1225.3,Swarna,74.7,Borewell,144,3.3,30-06-2006,03-11-2006,3051
Jehanabad,2007,6.52,0.427,231.3,9.5,177.8,3.668,rice,27.66,78.3,1311.3,IR64,63.2,Rainfed,175,2.52,26-06-2007,27-10-2007,3294
Jehanabad,2008,6.55,0.415,226.4,10.82,177.3,3.896,rice,27.51,77.99,1310.2,Swarna,67.7,Borewell,180,2.89,28-06-2008,20-10-2008,3168
Jehanabad,2009,6.63,0.42,237.9,9.71,167.7,4.11,rice,28.3,72.29,909.7,MTU-1010,77.6,Borewell,161,3.63,27-06-2009,30-10-2009,2915
Jehanabad,2010,6.55,0.402,232.5,10.45,169.1,3.719,rice,28.8,74.91,818.3,Swarna,84.4,Borewell,174,1.27,16-06-2010,17-10-2010,2845
Jehanabad,2011,6.64,0.412,223.5,11.36,178.9,3.702,rice,27.59,77.57,1114.2,Sharbati,69.4,Borewell,159,1.03,23-06-2011,17-10-2011,3030
Jehanabad,2012,6.57,0.419,236.1,11.62,171.1,3.823,rice,27.86,73.66,971.4,MTU-1010,72.1,Canal,165,1.45,17-06-2012,13-10-2012,2980
Jehanabad,2013,6.65,0.41,246.6,9.82,180.7,3.898,rice,27.09,79.85,1022.9,Swarna,80.2,Canal,145,4.05,30-06-2013,28-10-2013,3106
Jehanabad,2014,6.67,0.446,221.2,10.23,180.9,3.869,rice,27.61,76.93,728.5,Swarna,89,Canal,164,2.63,22-06-2014,15-10-2014,2900
Jehanabad,2015,6.67,0.456,247,10.77,170.4,3.879,rice,28.34,73.6,788.5,IR64,77.4,Borewell,199,2.22,21-06-2015,11-10-2015,3019
Jehanabad,2016,6.68,0.444,249,11.75,183.7,3.41,rice,27.96,77.39,1164.3,Sona Masuri,82.4,Borewell,91,2.37,26-06-2016,03-11-2016,2919
Jehanabad,2017,6.64,0.481,241.4,9.52,191.7,4.017,rice,27.96,78.3,1079.9,Sona Masuri,84.7,Canal,204,3.83,17-06-2017,24-10-2017,3069
Jehanabad,2018,6.72,0.471,251.3,11.48,189.9,4.449,rice,28.32,73.26,1038.9,Swarna,81.6,Canal,118,2.52,22-06-2018,24-10-2018,3284
Jehanabad,2019,6.72,0.46,253.1,12.19,194.3,3.958,rice,28.58,76.65,1378.9,Swarna,60.2,Rainfed,213,1.35,18-06-2019,14-10-2019,3269
Jehanabad,2020,6.74,0.492,272,10.76,185.4,4.062,rice,27.69,80.57,1447.9,Sona Masuri,65.7,Rainfed,177,1.76,25-06-2020,21-10-2020,3276
Kaimur,2000,6.26,0.425,154.4,14.64,156.9,3.997,rice,27.25,74.99,1022.6,IR64,63.4,Canal,157,1.34,23-06-2000,31-10-2000,2852
Kaimur,2001,6.34,0.399,173.4,13.37,152.2,3.843,rice,27.12,79.13,1226.5,Sona Masuri,63.3,Canal,218,3.85,18-06-2001,18-10-2001,3019
Kaimur,2002,6.48,0.418,178.8,14,163.2,3.896,rice,27.78,73.2,807.3,MTU-1010,79,Rainfed,178,4.65,27-06-2002,27-10-2002,2872
Kaimur,2003,6.37,0.403,176.1,12.48,152.5,3.723,rice,27.2,77.39,1455.5,Swarna Sub1,77.2,Rainfed,160,2.06,19-06-2003,27-10-2003,3245
Kaimur,2004,6.5,0.407,173.9,13.69,152.6,3.943,rice,27.32,73.41,895,Swarna Sub1,83.6,Canal,189,2.73,24-06-2004,14-10-2004,2858
Kaimur,2005,6.45,0.373,169.1,13.38,159.3,4.106,rice,28.15,68.99,775.2,IR64,85.7,Rainfed,182,2.56,23-06-2005,29-10-2005,2777
Kaimur,2006,6.55,0.379,164.2,13.44,166.4,4.13,rice,27.61,75.08,1100.5,Swarna,72.8,Canal,203,3.18,18-06-2006,08-10-2006,2918
Kaimur,2007,6.56,0.381,159.1,13.62,143.9,3.812,rice,27.68,75.48,848.5,MTU-1010,88,Borewell,183,1.9,28-06-2007,20-10-2007,2849
Kaimur,2008,6.55,0.395,162.4,10.97,152.7,3.748,rice,27.35,76.25,1256.1,Swarna Sub1,76.9,Borewell,151,4.7,17-06-2008,23-10-2008,3104
Kaimur,2009,6.57,0.374,162.2,13.49,139.7,3.753,rice,28.32,69.95,1054.5,Sona Masuri,73.3,Borewell,158,2.89,29-06-2009,04-11-2009,2907
Kaimur,2010,6.61,0.363,150.7,13.32,154.9,3.818,rice,28.78,73.36,951.7,Sona Masuri,88.3,Canal,134,4.62,26-06-2010,21-10-2010,2928
Kaimur,2011,6.55,0.384,151.6,13.14,144,3.646,rice,27.53,75.84,1117.4,Swarna Sub1,89.4,Borewell,161,3.23,15-06-2011,14-10-2011,2729
Kaimur,2012,6.61,0.382,161,13.46,147.8,4.066,rice,27.93,71.01,918.8,Swarna Sub1,70.8,Borewell,163,4.66,30-06-2012,04-11-2012,2899
Kaimur,2013,6.64,0.383,160.6,11.78,153.4,3.839,rice,27.05,78.91,940.2,IR64,61.7,Borewell,186,3.04,28-06-2013,28-10-2013,2939
Kaimur,2014,6.57,0.392,161.6,14.46,142.6,3.665,rice,28.28,70.49,562.1,Sona Masuri,81.8,Canal,172,3.16,16-06-2014,16-10-2014,2444
Kaimur,2015,6.69,0.418,164.1,12.79,157.7,3.583,rice,28.35,72.23,917.2,Swarna,82.4,Borewell,147,4.08,23-06-2015,24-10-2015,2758
Kaimur,2016,6.61,0.409,183.8,13.05,155.8,4.212,rice,27.9,75.62,1158.4,Swarna,85.5,Borewell,167,1.05,27-06-2016,17-10-2016,2887
Kaimur,2017,6.74,0.413,172.6,14.96,147.3,4.217,rice,28.23,75.16,1029,Sharbati,74.4,Canal,162,2.83,25-06-2017,24-10-2017,2744
Kaimur,2018,6.66,0.426,172.1,12.84,151.7,4.1,rice,28.48,70.61,1269.4,Swarna Sub1,80.4,Canal,162,1.87,30-06-2018,27-10-2018,3075
Kaimur,2019,6.73,0.431,175.9,14.17,153,4.22,rice,28.57,75.6,1353,Sona Masuri,80.1,Rainfed,186,3.15,21-06-2019,22-10-2019,3013
Kaimur,2020,6.73,0.465,173.6,13.44,164.6,4.304,rice,27.83,78.61,1360,Sona Masuri,61.2,Borewell,197,4.36,29-06-2020,18-10-2020,3026
Katihar,2000,6.37,0.795,357,17.78,227.6,5.241,rice,27.15,80.33,1264.6,Swarna,84.4,Borewell,125,1.68,24-06-2000,29-10-2000,3396
Katihar,2001,6.48,0.781,373.1,17.49,221.4,5.305,rice,27.07,82.75,1009.8,MTU-1010,68.3,Rainfed,172,4.36,19-06-2001,21-10-2001,3389
Katihar,2002,6.46,0.793,380.6,17.43,225.7,5.223,rice,26.72,83.1,1131.4,Sona Masuri,87.3,Borewell,177,2.59,28-06-2002,19-10-2002,3458
Katihar,2003,6.51,0.772,376.4,19.11,219,4.931,rice,26.67,83.74,1477.2,Sharbati,81.5,Borewell,209,4.38,18-06-2003,17-10-2003,3611
Katihar,2004,6.49,0.787,370.2,17.45,224.7,5.423,rice,26.64,81.8,1397.5,MTU-1010,73.2,Borewell,197,2.24,26-06-2004,17-10-2004,3853
Katihar,2005,6.57,0.779,376.1,17.45,222.9,5.294,rice,27.2,80.99,1106.1,Sona Masuri,63.4,Canal,178,4.48,24-06-2005,15-10-2005,3407
Katihar,2006,6.53,0.782,363.8,17.72,217.1,5.225,rice,27.31,81.57,981.3,MTU-1010,77.9,Canal,153,4.57,28-06-2006,05-11-2006,3609
Katihar,2007,6.57,0.774,364.6,15.62,214,5.639,rice,27.17,82.68,1716.8,IR64,71.5,Rainfed,156,2.34,29-06-2007,17-10-2007,3732
Katihar,2008,6.58,0.737,373.5,17.45,213.7,5.204,rice,26.97,82.52,1423.9,Sharbati,64.2,Borewell,153,3.39,26-06-2008,15-10-2008,3568
Katihar,2009,6.64,0.744,365.7,17.25,214.5,5.311,rice,27.36,81.15,1308.6,IR64,68.8,Borewell,172,3.32,15-06-2009,03-10-2009,3512
Katihar,2010,6.61,0.755,347.7,15.43,215.6,5.386,rice,27.5,82.55,1160.9,MTU-1010,70.2,Borewell,183,3.09,27-06-2010,30-10-2010,3371
Katihar,2011,6.65,0.756,354.9,17.49,213.3,5.217,rice,26.99,82.58,1335.4,Swarna,73.5,Rainfed,233,1.61,17-06-2011,15-10-2011,3533
Katihar,2012,6.64,0.779,346.4,17.39,205.2,5.323,rice,27.17,80.1,1006.6,MTU-1010,88.3,Canal,144,3.34,21-06-2012,09-10-2012,3458
Katihar,2013,6.64,0.745,366.2,16.82,204.4,5.465,rice,26.84,82.52,1036.5,MTU-1010,89.2,Canal,173,4.48,27-06-2013,27-10-2013,3393
Katihar,2014,6.71,0.788,368.8,17.3,226.7,5.722,rice,27.07,81.96,1124.5,IR64,69.7,Canal,210,2.11,20-06-2014,25-10-2014,3489
Katihar,2015,6.71,0.77,370.4,17.75,209.5,5.482,rice,27.39,81.7,1213.6,MTU-1010,62.3,Canal,188,2.36,17-06-2015,17-10-2015,3612
Katihar,2016,6.76,0.793,383.4,17.67,221.6,5.539,rice,27.37,81.99,1209.5,Swarna Sub1,62.7,Rainfed,219,3.37,29-06-2016,27-10-2016,3738
Katihar,2017,6.67,0.784,384.6,18.76,217.8,5.635,rice,27.23,83.6,1374.5,MTU-1010,87.9,Borewell,154,4.71,26-06-2017,28-10-2017,3539
Katihar,2018,6.7,0.804,381,18.59,226,5.761,rice,27.49,80.07,960.3,Swarna,72.9,Rainfed,222,4.38,25-06-2018,21-10-2018,3388
Katihar,2019,6.72,0.814,373.5,19.66,230,5.661,rice,27.61,82.01,1591.9,Sharbati,67.9,Canal,186,4.86,16-06-2019,18-10-2019,3808
Katihar,2020,6.67,0.806,392.9,18.29,217.4,5.726,rice,27.45,82.43,1915.7,Sharbati,75.5,Borewell,152,3.03,19-06-2020,08-10-2020,3945
Khagaria,2000,5.95,0.604,284.7,15.18,251.1,4.62,rice,27.46,77.84,1249.7,IR64,73.2,Borewell,191,3.5,17-06-2000,17-10-2000,3548
Khagaria,2001,6.03,0.59,272.1,13.95,261.6,4.871,rice,27.25,81.64,1085.3,Sharbati,60.4,Canal,194,2.53,20-06-2001,19-10-2001,3286
Khagaria,2002,6.08,0.593,276.4,13.4,257,4.68,rice,27.11,80.91,1039.4,Sharbati,80.4,Canal,200,3.79,25-06-2002,14-10-2002,3228
Khagaria,2003,6.11,0.581,281.3,13.68,262,4.614,rice,27.14,81.04,1246.6,Sona Masuri,78.9,Canal,193,1.78,15-06-2003,18-10-2003,3453
Khagaria,2004,6.2,0.609,259.9,12.21,258.6,4.633,rice,26.98,80.21,1290.6,IR64,67.9,Canal,146,4.88,16-06-2004,15-10-2004,3198
Khagaria,2005,6.24,0.574,269.2,12.9,248.5,4.834,rice,27.7,77.8,836.7,Sharbati,79.3,Rainfed,184,3.77,17-06-2005,09-10-2005,3009
Khagaria,2006,6.25,0.568,262.9,12.45,245.8,4.76,rice,27.58,79.96,1063.2,Sona Masuri,63.7,Borewell,179,3.18,23-06-2006,16-10-2006,3060
Khagaria,2007,6.31,0.568,264.1,13,251.2,5.032,rice,27.53,80.66,1600,Swarna Sub1,60.6,Rainfed,218,1.99,26-06-2007,26-10-2007,3515
Khagaria,2008,6.34,0.57,261,13.74,255.1,4.886,rice,27.35,81.04,1297.3,MTU-1010,85.6,Canal,130,1.66,21-06-2008,17-10-2008,3063
Khagaria,2009,6.34,0.565,271.4,13.2,250.4,4.667,rice,27.78,78.07,1201.4,Sharbati,77.1,Canal,163,2.9,21-06-2009,10-10-2009,3430
Khagaria,2010,6.38,0.557,246.1,13.12,250.9,4.42,rice,28.19,79.09,1030.8,MTU-1010,77,Canal,206,4.89,17-06-2010,23-10-2010,3259
Khagaria,2011,6.41,0.552,261.7,13.12,253.5,4.971,rice,27.4,80.52,1276.2,IR64,83.2,Borewell,200,2.09,17-06-2011,21-10-2011,3402
Khagaria,2012,6.49,0.571,267.5,12.83,252.2,4.676,rice,27.69,76.91,962.1,Sharbati,87.5,Canal,197,1.01,26-06-2012,01-11-2012,3317
Khagaria,2013,6.53,0.588,268.1,13.49,251.4,4.415,rice,27.08,81.04,1051.5,MTU-1010,86.6,Borewell,215,2.97,23-06-2013,15-10-2013,3275
Khagaria,2014,6.54,0.582,268.1,14.3,250.5,4.729,rice,27.38,80.43,1080.7,Sona Masuri,61.8,Canal,179,1.62,15-06-2014,14-10-2014,3168
Khagaria,2015,6.54,0.591,271.5,13.97,259.2,4.772,rice,27.96,78.46,1145.4,Swarna,79.7,Rainfed,126,1.59,24-06-2015,01-11-2015,3112
Khagaria,2016,6.57,0.61,258.8,14.09,251.4,4.936,rice,27.75,79.93,1233.5,MTU-1010,78,Canal,185,1.1,28-06-2016,27-10-2016,3254
Khagaria,2017,6.56,0.603,289.5,13.04,249.8,4.793,rice,27.78,80.8,1387.6,IR64,77,Borewell,194,4.96,25-06-2017,27-10-2017,3412
Khagaria,2018,6.65,0.607,276.6,13.84,253.1,5.01,rice,28.07,77.67,909.9,Sharbati,61.4,Rainfed,182,4.57,29-06-2018,31-10-2018,3173
Khagaria,2019,6.69,0.632,272.1,14.79,255.7,4.792,rice,28.36,79.04,1391,IR64,87.1,Borewell,255,1.92,15-06-2019,15-10-2019,3470
Khagaria,2020,6.66,0.637,289.4,14,261.6,5.28,rice,27.85,80.8,1387.6,MTU-1010,88.6,Borewell,168,2.96,16-06-2020,08-10-2020,3264
Kishanganj,2000,6.21,0.906,326.6,20.58,205.4,4.982,rice,26.9,81.59,1700.2,Swarna,71.3,Borewell,216,2.62,22-06-2000,28-10-2000,4069
Kishanganj,2001,6.31,0.868,324.6,21.7,204,5.169,rice,26.94,83.16,1311.4,MTU-1010,76.2,Borewell,156,3.13,18-06-2001,10-10-2001,3463
Kishanganj,2002,6.31,0.869,314.4,20.38,209.5,5.117,rice,26.49,83.52,1679,Sona Masuri,89.6,Rainfed,187,1.69,22-06-2002,14-10-2002,3800
Kishanganj,2003,6.32,0.86,326.2,21.18,203,5.095,rice,26.44,84.96,1869.2,Swarna Sub1,61.6,Borewell,165,4.35,24-06-2003,19-10-2003,3815
Kishanganj,2004,6.4,0.853,313.7,21.31,203.8,4.972,rice,26.43,82.06,1592.6,IR64,79.5,Canal,198,2.44,24-06-2004,31-10-2004,3895
Kishanganj,2005,6.39,0.856,327.9,18.89,199.3,4.909,rice,26.88,82.36,1666,IR64,74.7,Borewell,147,2.38,21-06-2005,22-10-2005,3697
Kishanganj,2006,6.42,0.846,309.2,19.89,196.6,5.037,rice,27.12,81.93,1381.5,Sharbati,89.6,Borewell,160,3.46,21-06-2006,26-10-2006,3467
Kishanganj,2007,6.43,0.853,316.9,20.89,186.3,5.209,rice,26.88,83.34,1924.3,MTU-1010,65.4,Canal,235,3.52,17-06-2007,17-10-2007,3956
Kishanganj,2008,6.52,0.83,309.4,20.02,205.6,5.483,rice,26.8,82.8,1707,Sona Masuri,73.7,Borewell,156,1.94,20-06-2008,11-10-2008,3653
Kishanganj,2009,6.47,0.86,300.4,20.79,199.4,4.988,rice,27.15,82.1,1635.1,MTU-1010,65,Borewell,174,3.24,18-06-2009,13-10-2009,3628
Kishanganj,2010,6.56,0.829,310.5,20.09,199.7,5.159,rice,27.11,83.37,1656.4,IR64,84.2,Borewell,172,4.88,19-06-2010,10-10-2010,3701
Kishanganj,2011,6.56,0.848,313.2,20.65,190.1,5.004,rice,26.73,83.11,1792.3,IR64,65.7,Rainfed,166,4.58,30-06-2011,04-11-2011,3650
Kishanganj,2012,6.56,0.838,317.3,21,194.7,5.45,rice,26.78,81.13,1331.8,IR64,73.7,Canal,184,4.85,19-06-2012,10-10-2012,3535
Kishanganj,2013,6.64,0.853,306.8,21.64,196.8,5.259,rice,26.7,82.97,1270,Swarna Sub1,85.7,Borewell,165,4.59,29-06-2013,27-10-2013,3393
Kishanganj,2014,6.6,0.849,304.1,21.05,194,5.777,rice,26.86,82.61,1518,IR64,88.5,Canal,173,3.31,22-06-2014,21-10-2014,3591
Kishanganj,2015,6.59,0.852,322.4,21.92,200.6,5.37,rice,27.05,82.49,1613.8,MTU-1010,75.3,Borewell,219,2.88,19-06-2015,27-10-2015,3574
Kishanganj,2016,6.58,0.865,312.2,19.34,202.5,4.874,rice,27.13,82.84,1448.3,Swarna Sub1,73.7,Borewell,235,3.46,23-06-2016,21-10-2016,3530
Kishanganj,2017,6.61,0.874,316.6,21.33,205.1,5.482,rice,26.86,84.11,1533.9,Swarna,76.2,Canal,141,2,27-06-2017,18-10-2017,3734
Kishanganj,2018,6.69,0.897,325.7,21.42,207.9,5.423,rice,27.04,80.86,1112.6,Sona Masuri,87.7,Rainfed,179,1.9,21-06-2018,15-10-2018,3429
Kishanganj,2019,6.66,0.89,321.6,21.67,205.8,5.266,rice,27.1,83.1,1804.5,Sona Masuri,71.5,Canal,223,3.29,17-06-2019,17-10-2019,3784
Kishanganj,2020,6.66,0.888,338.4,21.56,202.7,5.557,rice,26.95,83.11,2120.2,Swarna Sub1,77.1,Canal,187,3.54,27-06-2020,16-10-2020,3862
Lakhisarai,2000,6.99,0.575,348.4,11.04,209.3,5.042,rice,27.3,77.69,1106.6,IR64,78.5,Borewell,175,3.83,19-06-2000,14-10-2000,3446
Lakhisarai,2001,6.97,0.57,349.7,11.61,211.8,4.604,rice,27.26,80.72,877.1,Swarna Sub1,64.9,Canal,208,1.59,30-06-2001,03-11-2001,3307
Lakhisarai,2002,6.93,0.57,335.4,10.11,225.1,5.312,rice,27.16,79.62,794.4,MTU-1010,88.4,Canal,166,1.12,18-06-2002,19-10-2002,3190
Lakhisarai,2003,6.97,0.548,335.8,10.84,223.7,5.118,rice,27.28,79.8,1210.7,IR64,71,Borewell,129,1.78,26-06-2003,03-11-2003,3406
Lakhisarai,2004,6.97,0.558,325.8,11.21,211.3,4.591,rice,26.97,78.97,1110.5,IR64,76.8,Canal,143,4.78,24-06-2004,31-10-2004,3165
Lakhisarai,2005,6.88,0.531,337.7,10.64,213,5.371,rice,27.71,76.62,894.2,IR64,80.5,Rainfed,180,1.36,19-06-2005,19-10-2005,3252
Lakhisarai,2006,6.89,0.536,334.2,9.9,211,4.731,rice,27.58,78.67,889.8,Sona Masuri,76.4,Borewell,218,2.67,16-06-2006,16-10-2006,3222
Lakhisarai,2007,6.96,0.524,346.3,10.41,215.9,4.998,rice,27.5,79.7,1408.3,Sona Masuri,69,Rainfed,208,4.53,30-06-2007,04-11-2007,3314
Lakhisarai,2008,6.91,0.52,329.3,10.64,204,4.963,rice,27.41,79.46,1083.4,MTU-1010,84.1,Canal,149,3.71,25-06-2008,02-11-2008,3340
Lakhisarai,2009,6.88,0.544,325.9,11.57,206.4,5.078,rice,27.87,76.06,924,Sharbati,70.3,Rainfed,184,2.42,25-06-2009,31-10-2009,3058
Lakhisarai,2010,6.85,0.512,326.6,11.55,207.8,5.225,rice,28.49,76.86,856.2,MTU-1010,70.1,Canal,126,4.76,21-06-2010,17-10-2010,3184
Lakhisarai,2011,6.91,0.539,327,12.27,205.2,4.897,rice,27.45,79.56,1103,Sharbati,86.7,Canal,212,2.09,24-06-2011,22-10-2011,3185
Lakhisarai,2012,6.84,0.553,336.7,10.17,217.3,5.204,rice,27.65,75.9,856.4,MTU-1010,66.7,Rainfed,139,4.18,16-06-2012,19-10-2012,2980
Lakhisarai,2013,6.93,0.522,330.6,10.15,199.6,5.204,rice,26.96,80.93,848.2,IR64,67.8,Borewell,127,4.49,20-06-2013,22-10-2013,3168
Lakhisarai,2014,6.86,0.551,354.2,10.32,210.6,5.137,rice,27.33,79.33,967,MTU-1010,75.2,Canal,169,2.38,15-06-2014,14-10-2014,3178
Lakhisarai,2015,6.89,0.545,332.9,11.53,217,4.726,rice,28.03,76.84,912.6,IR64,64.9,Borewell,186,2.46,20-06-2015,14-10-2015,3069
Lakhisarai,2016,6.82,0.573,343.7,10.16,215.4,5.167,rice,27.77,79.08,1032.6,Swarna Sub1,84.9,Canal,144,2.93,25-06-2016,30-10-2016,3298
Lakhisarai,2017,6.88,0.552,336.4,11.07,217.5,5.232,rice,27.7,80.07,1204.8,Sona Masuri,81.3,Rainfed,217,3.13,16-06-2017,12-10-2017,3440
Lakhisarai,2018,6.81,0.576,354.4,11.32,220.6,5.191,rice,27.98,76.56,1071.8,Sona Masuri,65.9,Rainfed,146,2.78,17-06-2018,12-10-2018,3144
Lakhisarai,2019,6.82,0.578,358.4,10.92,216,5.137,rice,28.38,78.19,1316.8,Sharbati,81.9,Canal,149,3.82,28-06-2019,23-10-2019,3348
Lakhisarai,2020,6.85,0.582,354.8,11.52,228.4,5.499,rice,27.65,81.01,1595.5,Swarna,67.9,Canal,167,1.49,28-06-2020,17-10-2020,3611
Madhepura,2000,6.22,0.597,343.5,14.5,241.8,5.022,rice,27.13,79.31,1433.6,Sharbati,77.8,Borewell,190,4.02,25-06-2000,29-10-2000,3673
Madhepura,2001,6.21,0.589,343.7,15.38,245.2,4.954,rice,26.98,82.15,1173.8,Swarna Sub1,88.2,Borewell,203,4.54,22-06-2001,20-10-2001,3537
Madhepura,2002,6.24,0.586,341.4,16.5,254.2,4.713,rice,26.73,82.27,1237.2,Swarna Sub1,75.6,Borewell,140,1.22,16-06-2002,23-10-2002,3326
Madhepura,2003,6.34,0.583,353.1,14.74,253.5,4.768,rice,26.64,83.04,1461.2,MTU-1010,78.1,Canal,227,4.64,27-06-2003,27-10-2003,3407
Madhepura,2004,6.41,0.591,328.6,15.15,249,5.092,rice,26.61,81.03,1269.5,Swarna,63,Borewell,180,1.55,26-06-2004,26-10-2004,3416
Madhepura,2005,6.38,0.581,341.1,15.59,235.3,4.739,rice,27.27,79.5,982.3,IR64,89.3,Borewell,169,1.01,15-06-2005,16-10-2005,3182
Madhepura,2006,6.42,0.588,346.2,16.03,243.6,5.059,rice,27.3,80.48,1031.4,MTU-1010,87,Canal,256,1.49,30-06-2006,07-11-2006,3583
Madhepura,2007,6.43,0.569,325,14.33,242.6,4.892,rice,27.09,82.14,1630.6,Sharbati,65.1,Canal,171,1.49,29-06-2007,25-10-2007,3698
Madhepura,2008,6.49,0.571,331.8,15.69,239.1,4.972,rice,26.88,82.71,1367.5,MTU-1010,74.9,Borewell,99,2.07,22-06-2008,17-10-2008,3301
Madhepura,2009,6.48,0.564,333.5,14.63,238.4,4.766,rice,27.33,80.15,1258.4,Sharbati,79.8,Borewell,170,3.65,26-06-2009,27-10-2009,3428
Madhepura,2010,6.51,0.544,336.6,15.94,240.1,5.215,rice,27.61,80.74,1204.1,Sona Masuri,76,Canal,162,2.5,16-06-2010,13-10-2010,3441
Madhepura,2011,6.54,0.593,327.2,15.41,236.3,5.019,rice,26.92,82.03,1402.2,MTU-1010,82.9,Canal,148,3.71,16-06-2011,19-10-2011,3525
Madhepura,2012,6.59,0.568,345.9,15.52,242.3,4.791,rice,27.13,78.79,1121.3,IR64,81.5,Canal,218,2.23,28-06-2012,05-11-2012,3409
Madhepura,2013,6.59,0.575,329.4,14.83,258.6,4.912,rice,26.76,82.32,1347.7,Sona Masuri,73.5,Borewell,139,3.79,19-06-2013,26-10-2013,3410
Madhepura,2014,6.55,0.576,336.5,16.01,247.7,5.095,rice,27,81.51,1118.9,MTU-1010,81.6,Rainfed,197,4.2,18-06-2014,18-10-2014,3263
Madhepura,2015,6.59,0.594,332.5,15.2,240.8,4.8,rice,27.53,79.97,1097.9,Swarna,75.7,Canal,173,4.43,19-06-2015,14-10-2015,3410
Madhepura,2016,6.66,0.604,349.9,15.84,252.9,4.764,rice,27.27,81.85,1468.4,MTU-1010,76.3,Borewell,172,1.74,23-06-2016,14-10-2016,3468
Madhepura,2017,6.67,0.606,349.7,16.24,244.2,4.825,rice,27.21,82.58,1328,IR64,63.9,Borewell,194,1.6,24-06-2017,29-10-2017,3399
Madhepura,2018,6.63,0.617,352.8,14.96,246.1,4.988,rice,27.44,79.05,927.4,Sharbati,69.7,Rainfed,174,4.77,19-06-2018,17-10-2018,3205
Madhepura,2019,6.65,0.605,338.6,15.52,254.4,4.884,rice,27.7,80.36,1457.2,MTU-1010,80.5,Canal,205,2.83,17-06-2019,10-10-2019,3592
Madhepura,2020,6.67,0.636,342.1,16.13,261.9,5.098,rice,27.33,81.29,1673.9,Swarna,86.9,Rainfed,183,3.19,29-06-2020,19-10-2020,3737
Madhubani,2000,7.53,0.57,241.5,16.49,212.5,4.424,rice,26.99,77.93,1602.6,Sona Masuri,88.6,Rainfed,176,1.34,30-06-2000,22-10-2000,3380
Madhubani,2001,7.45,0.586,239,17.15,204.8,4.863,rice,26.95,80.28,1245.6,IR64,81.6,Borewell,174,3.95,16-06-2001,13-10-2001,3251
Madhubani,2002,7.45,0.573,253.6,15.45,213.4,4.605,rice,26.81,79.89,1010.8,Sona Masuri,81.4,Borewell,234,3.06,18-06-2002,11-10-2002,3078
Madhubani,2003,7.37,0.564,249,16.56,200.6,4.537,rice,26.58,81.38,1267.9,IR64,84,Canal,177,4.74,22-06-2003,25-10-2003,3141
Madhubani,2004,7.35,0.558,253,16.17,196.2,4.96,rice,26.53,79.84,1173.5,MTU-1010,70.7,Canal,184,2.17,20-06-2004,22-10-2004,3167
Madhubani,2005,7.27,0.554,237.4,17.44,198.3,4.745,rice,27.34,77.23,859.8,Sharbati,64.7,Canal,201,1.63,23-06-2005,29-10-2005,3122
Madhubani,2006,7.25,0.535,244,17.33,199.6,4.861,rice,27.28,78.91,1172,Swarna,78.1,Borewell,177,4.28,25-06-2006,21-10-2006,3165
Madhubani,2007,7.13,0.541,237.6,15.3,208,4.775,rice,27.03,80.7,1650.2,Sona Masuri,82.2,Rainfed,222,3.29,16-06-2007,12-10-2007,3445
Madhubani,2008,7.17,0.532,223.5,14.97,206.2,4.404,rice,26.88,80.98,1307.6,MTU-1010,73.8,Rainfed,177,3.96,19-06-2008,14-10-2008,3158
Madhubani,2009,7.13,0.527,251.6,16.41,196.1,5.062,rice,27.41,77.83,1249.1,Sona Masuri,78.6,Canal,165,1.81,21-06-2009,28-10-2009,3230
Madhubani,2010,7.1,0.536,225.5,16.57,195.9,4.636,rice,27.59,79.12,1060.6,Swarna,78.8,Rainfed,158,2.26,15-06-2010,09-10-2010,2997
Madhubani,2011,7.09,0.536,234.3,16.28,196.4,4.954,rice,26.94,80.3,1462.6,Swarna,76,Borewell,189,3.63,26-06-2011,31-10-2011,3388
Madhubani,2012,7.09,0.539,236.6,16.08,204.8,5.236,rice,27.13,76.9,1093.1,Swarna,84.3,Borewell,121,4.68,23-06-2012,19-10-2012,2984
Madhubani,2013,7.08,0.557,266.8,16.5,206,5.072,rice,26.66,81.21,1320,Swarna Sub1,70.6,Borewell,173,2.53,30-06-2013,24-10-2013,3558
Madhubani,2014,7,0.55,239.9,16.73,203.7,4.954,rice,26.9,80.73,997.2,Swarna Sub1,60.5,Rainfed,206,3.99,15-06-2014,18-10-2014,3411
Madhubani,2015,7.05,0.57,244.5,15.8,213.1,5.109,rice,27.64,77.84,942.7,IR64,79.4,Borewell,182,2.07,19-06-2015,23-10-2015,3131
Madhubani,2016,6.95,0.565,249.1,17.09,213.3,5.053,rice,27.15,80.77,1333.3,IR64,80.7,Canal,185,3.74,24-06-2016,30-10-2016,3196
Madhubani,2017,7,0.576,244.2,16.38,209.6,5.006,rice,27.32,80.52,1509.4,Sona Masuri,70.9,Canal,169,2.63,23-06-2017,29-10-2017,3439
Madhubani,2018,6.91,0.578,252,16.49,209.6,5.138,rice,27.58,76.86,961,IR64,85.2,Borewell,175,3.53,26-06-2018,16-10-2018,3091
Madhubani,2019,6.93,0.573,250.6,17.45,222.8,5.196,rice,27.84,77.96,1613.2,Swarna Sub1,63.6,Rainfed,189,2.23,30-06-2019,03-11-2019,3266
Madhubani,2020,6.9,0.594,257.3,17.11,217.5,4.946,rice,27.38,78.8,1708.7,Swarna,64.7,Canal,209,1.51,26-06-2020,31-10-2020,3567
Munger,2000,7.37,0.63,378.2,12.21,168.6,5.24,rice,27.44,78.05,1249.7,Sharbati,72.6,Canal,159,1.19,26-06-2000,23-10-2000,3550
Munger,2001,7.33,0.634,386.3,11.84,173.1,5.404,rice,27.25,81.75,1085.3,Swarna Sub1,74.6,Borewell,141,4.11,25-06-2001,14-10-2001,3446
Munger,2002,7.28,0.621,357,11.9,166.2,4.98,rice,27.09,81.04,1039.4,MTU-1010,70,Borewell,133,1.15,29-06-2002,03-11-2002,3330
Munger,2003,7.22,0.61,372.2,12.73,166.4,5.274,rice,27.17,80.99,1246.6,Swarna Sub1,65,Borewell,209,1.98,15-06-2003,20-10-2003,3559
Munger,2004,7.16,0.611,368.9,12.84,166.6,5.534,rice,26.97,80.37,1290.6,Sona Masuri,81.4,Canal,179,1.13,25-06-2004,31-10-2004,3578
Munger,2005,7.13,0.598,369.5,13.46,173,5.327,rice,27.68,77.89,836.7,Swarna,68.6,Borewell,179,2.52,16-06-2005,08-10-2005,3288
Munger,2006,7.09,0.585,363,11.77,162.5,5.321,rice,27.58,79.96,1063.2,Sharbati,63.7,Borewell,214,1.02,16-06-2006,19-10-2006,3401
Munger,2007,7.13,0.61,361.2,12.98,168.4,5.324,rice,27.55,80.71,1600,Sona Masuri,77.4,Canal,161,1.48,25-06-2007,21-10-2007,3614
Munger,2008,7.13,0.586,380.8,12.24,169.7,5.416,rice,27.35,81,1297.3,Swarna,61.3,Canal,157,3.24,23-06-2008,17-10-2008,3485
Munger,2009,7.13,0.599,343.5,13,164.5,5.32,rice,27.78,78.09,1201.4,Swarna,85.8,Rainfed,170,1.8,21-06-2009,11-10-2009,3411
Munger,2010,7.02,0.591,349.3,11.89,164,5.667,rice,28.2,79.22,1030.8,Swarna Sub1,70.3,Rainfed,215,4.77,24-06-2010,18-10-2010,3287
Munger,2011,7.09,0.593,357.9,11.61,173.7,5.267,rice,27.4,80.5,1276.2,Swarna,78.8,Canal,221,3.73,17-06-2011,09-10-2011,3622
Munger,2012,7,0.609,355.9,11.97,158.9,5.51,rice,27.69,76.97,962.1,IR64,79.7,Borewell,222,4.82,30-06-2012,27-10-2012,3440
Munger,2013,7.06,0.614,374.7,11.42,171.1,5.243,rice,27.06,81.17,1051.5,MTU-1010,78.8,Canal,237,3.81,19-06-2013,09-10-2013,3405
Munger,2014,6.98,0.621,366.7,11.06,163.1,5.191,rice,27.38,80.46,1080.7,MTU-1010,63.5,Canal,137,2.9,29-06-2014,24-10-2014,3427
Munger,2015,6.99,0.641,379.6,10.77,180.8,5.672,rice,27.96,78.5,1145.4,IR64,77.3,Canal,166,3.8,21-06-2015,10-10-2015,3291
Munger,2016,6.91,0.625,380.3,12.82,165.8,5.61,rice,27.74,79.95,1233.5,Sona Masuri,77.9,Borewell,179,1.74,24-06-2016,28-10-2016,3465
Munger,2017,6.88,0.632,383.5,12.49,172,5.691,rice,27.73,82.14,1384.9,Sharbati,63.3,Rainfed,197,3.62,27-06-2017,19-10-2017,3614
Munger,2018,6.96,0.655,384.2,13.43,180.7,5.627,rice,28.02,79,882.8,Swarna Sub1,77.5,Canal,194,3.94,17-06-2018,20-10-2018,3363
Munger,2019,6.93,0.646,370.3,11.9,175.9,5.598,rice,28.29,80.26,1374.2,Swarna,64.6,Rainfed,195,4,18-06-2019,13-10-2019,3515
Munger,2020,6.96,0.655,390.9,13.62,177.6,5.716,rice,27.77,82.37,1428.3,MTU-1010,84.1,Rainfed,184,3.17,20-06-2020,08-10-2020,3630
Muzaffarpur,2000,7.09,0.478,334.8,14.27,131.9,4.793,rice,27.27,76.89,1385.7,Swarna Sub1,63.8,Canal,198,3.97,19-06-2000,09-10-2000,3547
Muzaffarpur,2001,7.14,0.455,340.6,15.54,143.3,4.532,rice,27.14,80.46,1230.9,Sona Masuri,72.8,Canal,160,2.7,20-06-2001,08-10-2001,3272
Muzaffarpur,2002,7.1,0.449,335.3,14.53,140.8,4.827,rice,27.1,79.33,754.7,Swarna,86.1,Canal,198,3.86,28-06-2002,22-10-2002,2987
Muzaffarpur,2003,7.05,0.451,324.7,14.58,148.7,4.961,rice,26.93,80.01,1363.8,Sharbati,70.4,Borewell,253,2.37,16-06-2003,04-10-2003,3580
Muzaffarpur,2004,7.01,0.448,319.2,14.08,144.5,4.459,rice,26.92,78.92,1113,Swarna Sub1,87.7,Canal,141,2.48,29-06-2004,01-11-2004,3321
Muzaffarpur,2005,7.04,0.435,321.8,15.28,141.1,4.592,rice,27.7,75.64,944.1,Sharbati,83.3,Rainfed,163,1.64,30-06-2005,22-10-2005,3187
Muzaffarpur,2006,7.02,0.433,311.8,14.74,145.2,5.033,rice,27.48,78.78,1038,IR64,71.5,Canal,200,4.45,28-06-2006,02-11-2006,3208
Muzaffarpur,2007,7.01,0.415,324.1,15.48,140.6,4.859,rice,27.36,79.95,1598.9,Swarna Sub1,60.3,Rainfed,200,3.35,22-06-2007,28-10-2007,3587
Muzaffarpur,2008,6.98,0.422,313.6,13.2,137.6,4.745,rice,27.17,80.58,1383.4,IR64,73.4,Canal,161,4.47,16-06-2008,10-10-2008,3421
Muzaffarpur,2009,6.97,0.404,322,16.29,135.3,4.691,rice,27.85,75.59,1082.5,Swarna,78.6,Rainfed,169,1.64,29-06-2009,31-10-2009,3158
Muzaffarpur,2010,6.95,0.433,307,14.73,129.3,4.632,rice,28.15,77.66,1002.8,Swarna Sub1,64.4,Canal,231,4.94,23-06-2010,25-10-2010,3245
Muzaffarpur,2011,6.93,0.433,332.1,15.04,132.9,5.226,rice,27.42,78.72,1274.1,Sharbati,78.1,Canal,206,3.99,20-06-2011,13-10-2011,3460
Muzaffarpur,2012,6.91,0.421,306,15.92,142.1,5.178,rice,27.68,74.73,1075.3,Sharbati,63,Borewell,143,1.99,26-06-2012,28-10-2012,2993
Muzaffarpur,2013,6.87,0.448,323.3,15.56,127.4,5.084,rice,26.97,80.55,1072,Swarna,63.2,Borewell,194,4.4,23-06-2013,16-10-2013,3202
Muzaffarpur,2014,6.93,0.44,330.4,14.42,134.9,4.733,rice,27.25,79.63,982.8,Swarna,76.2,Rainfed,163,3.02,20-06-2014,08-10-2014,3380
Muzaffarpur,2015,6.84,0.456,337.3,14.59,141.6,4.826,rice,28.07,75.95,922,Sona Masuri,88.2,Rainfed,192,4.07,15-06-2015,07-10-2015,3183
Muzaffarpur,2016,6.9,0.448,323.2,16.11,140.2,5.218,rice,27.61,79.3,1354.7,MTU-1010,63.1,Rainfed,175,4.7,26-06-2016,16-10-2016,3431
Muzaffarpur,2017,6.88,0.452,342.6,15.89,146,5.111,rice,27.65,79.52,1137.1,MTU-1010,85.9,Canal,159,2.28,28-06-2017,24-10-2017,3236
Muzaffarpur,2018,6.86,0.467,334,14.47,141.1,5.159,rice,27.98,75.89,851.7,Swarna,80.9,Canal,203,4.63,19-06-2018,09-10-2018,3226
Muzaffarpur,2019,6.88,0.462,325.4,16.95,143.2,4.801,rice,28.21,77.19,1399,Swarna,66.4,Canal,153,4.68,30-06-2019,23-10-2019,3206
Muzaffarpur,2020,6.86,0.468,351.8,15.42,153,4.978,rice,27.5,79.5,1513.9,IR64,85.5,Canal,138,1.52,15-06-2020,12-10-2020,3522
Nalanda,2000,7.22,0.704,391.5,25.23,212.5,5.372,rice,27.27,76.79,772.7,Sona Masuri,74.6,Rainfed,252,2.47,27-06-2000,29-10-2000,3390
Nalanda,2001,7.21,0.684,398.9,24.26,209.2,5.382,rice,27.12,80.57,883.4,MTU-1010,64.5,Canal,134,1.58,25-06-2001,24-10-2001,3326
Nalanda,2002,7.16,0.678,416.9,25.57,218.7,5.354,rice,27.27,78.33,962.2,Sharbati,77.5,Rainfed,130,1.84,18-06-2002,13-10-2002,3632
Nalanda,2003,7.11,0.656,404.1,23.74,209.1,5.293,rice,27.35,78.57,1200.1,Sharbati,89.6,Borewell,224,1.51,27-06-2003,21-10-2003,3577
Nalanda,2004,7.1,0.652,391.4,23.53,207.8,5.16,rice,27.07,77.55,894.3,IR64,63.7,Canal,133,2.18,29-06-2004,20-10-2004,3392
Nalanda,2005,7.13,0.656,388.4,24.6,210.3,5.252,rice,27.73,74.67,873.1,Sona Masuri,62.3,Rainfed,198,1.44,26-06-2005,16-10-2005,3267
Nalanda,2006,7.1,0.66,386.7,24.06,205.4,5.158,rice,27.56,77.7,1066.3,IR64,77,Canal,196,1.51,22-06-2006,22-10-2006,3594
Nalanda,2007,7.09,0.653,389.5,24.1,209.3,5.433,rice,27.55,78.54,1279.2,Swarna Sub1,62.8,Canal,208,1.51,17-06-2007,18-10-2007,3745
Nalanda,2008,7.07,0.653,383,24.86,209.3,5.42,rice,27.44,77.84,1165.1,Swarna Sub1,69.6,Rainfed,201,2.37,30-06-2008,31-10-2008,3387
Nalanda,2009,7.03,0.641,376,24.19,223.9,5.221,rice,28.18,73.03,945,Swarna,88,Rainfed,243,1.51,24-06-2009,12-10-2009,3409
Nalanda,2010,7.01,0.629,375.9,24.74,201.7,5.182,rice,28.71,74.75,769.1,Sona Masuri,68.9,Rainfed,245,1.94,28-06-2010,03-11-2010,3223
Nalanda,2011,6.94,0.633,369.2,24.2,224.2,5.227,rice,27.47,78.09,1166.6,IR64,75.5,Borewell,181,4.76,30-06-2011,19-10-2011,3480
Nalanda,2012,6.93,0.657,380.1,24.92,207.3,5.245,rice,27.76,74.24,989.8,Swarna,83.7,Borewell,184,3.73,29-06-2012,24-10-2012,3240
Nalanda,2013,6.96,0.662,387.1,23.67,209.5,5.15,rice,26.93,80.58,949.3,Sharbati,66.6,Borewell,179,4.13,29-06-2013,02-11-2013,3489
Nalanda,2014,6.96,0.644,388.4,24.86,214.1,5.468,rice,27.45,77.82,703.7,Sona Masuri,82.2,Rainfed,211,3.94,20-06-2014,13-10-2014,3454
Nalanda,2015,6.94,0.681,402.4,24.8,219.5,5.594,rice,28.13,74.49,790.3,Swarna,86.7,Borewell,237,1.71,23-06-2015,13-10-2015,3433
Nalanda,2016,6.92,0.662,401.4,25.07,222.2,5.271,rice,27.86,77.61,1078.1,Sona Masuri,66.9,Canal,158,4.45,25-06-2016,19-10-2016,3376
Nalanda,2017,6.89,0.687,400.5,23.31,219.5,5.157,rice,27.94,78.39,966,Sharbati,77.7,Borewell,197,4.52,28-06-2017,16-10-2017,3462
Nalanda,2018,6.88,0.703,418.8,24.04,216.9,5.561,rice,28.29,73.9,916.8,Sharbati,67.3,Rainfed,140,2.87,26-06-2018,24-10-2018,3430
Nalanda,2019,6.95,0.692,403.4,26.44,218.3,5.653,rice,28.58,76.89,1073.9,Sona Masuri,67.3,Borewell,208,4.19,26-06-2019,19-10-2019,3413
Nalanda,2020,6.85,0.702,397,24.54,227.2,5.542,rice,27.71,80.76,1284.2,Sharbati,87,Borewell,136,3.74,17-06-2020,11-10-2020,3428
Nawada,2000,5.96,0.469,194.3,10.94,153,3.236,rice,27.16,76.25,772.7,Swarna Sub1,83.1,Borewell,155,1.87,27-06-2000,16-10-2000,2685
Nawada,2001,6.01,0.488,185.1,10.08,159.5,3.547,rice,26.99,80.33,883.4,Swarna Sub1,63.1,Canal,146,2.36,23-06-2001,26-10-2001,2783
Nawada,2002,6.11,0.46,183.1,10.51,141.8,3.502,rice,27.1,78.08,962.2,IR64,78.2,Canal,177,1.59,26-06-2002,27-10-2002,2900
Nawada,2003,6.16,0.475,185.4,8.73,148.8,4.064,rice,27.3,77.97,1200.1,Swarna Sub1,70.9,Canal,184,2.69,18-06-2003,24-10-2003,3080
Nawada,2004,6.23,0.443,188.5,9.95,140.5,3.499,rice,26.94,77.19,894.3,Swarna Sub1,83.4,Borewell,172,4.78,27-06-2004,23-10-2004,2923
Nawada,2005,6.25,0.428,173.6,10.49,145.4,3.604,rice,27.64,74.21,873.1,Sharbati,66.5,Canal,153,4.4,22-06-2005,11-10-2005,2822
Nawada,2006,6.25,0.449,172.4,11.75,136.8,3.377,rice,27.43,77.26,1066.3,MTU-1010,65.3,Canal,173,2.5,17-06-2006,16-10-2006,3015
Nawada,2007,6.34,0.453,183.4,10.83,146.4,3.454,rice,27.44,78.28,1279.2,Sona Masuri,88.1,Canal,205,1.04,29-06-2007,22-10-2007,3181
Nawada,2008,6.35,0.419,169.8,10.65,138.8,3.62,rice,27.39,76.99,1165.1,Sona Masuri,73.6,Canal,169,3.14,16-06-2008,17-10-2008,2879
Nawada,2009,6.36,0.429,175.1,11.4,146.8,3.819,rice,28.01,72.63,945,MTU-1010,84.4,Canal,150,2.81,29-06-2009,04-11-2009,2704
Nawada,2010,6.41,0.422,170.3,9.89,142.5,3.458,rice,28.69,73.91,769.1,Swarna,66.9,Borewell,147,2.94,19-06-2010,18-10-2010,2615
Nawada,2011,6.42,0.414,160.8,9.45,149,3.292,rice,27.37,77.49,1166.6,Sona Masuri,73,Borewell,201,2.41,21-06-2011,17-10-2011,2970
Nawada,2012,6.44,0.453,175.9,10.64,150.2,3.811,rice,27.63,74.08,989.8,Swarna,75.3,Rainfed,137,1.91,28-06-2012,24-10-2012,2741
Nawada,2013,6.46,0.44,169.4,12.42,137.9,3.493,rice,26.79,80.2,949.3,Sona Masuri,80.5,Rainfed,134,1.09,19-06-2013,20-10-2013,2859
Nawada,2014,6.5,0.434,194.6,12.48,145.8,3.488,rice,27.36,76.86,703.7,IR64,86.8,Canal,200,2.11,27-06-2014,15-10-2014,2848
Nawada,2015,6.48,0.454,182.7,10.1,151.1,3.814,rice,28.01,74.36,790.3,IR64,85.8,Canal,191,1.21,27-06-2015,28-10-2015,2799
Nawada,2016,6.58,0.46,177.8,11.24,151,3.949,rice,27.74,77.17,1078.1,MTU-1010,76.6,Canal,190,4.55,22-06-2016,22-10-2016,2865
Nawada,2017,6.61,0.456,176.6,10.18,145.8,3.927,rice,27.86,77.61,867.3,Sharbati,77.5,Canal,183,3.42,30-06-2017,27-10-2017,2830
Nawada,2018,6.61,0.488,192.7,11.04,160.5,3.972,rice,28.14,73.5,1146.8,IR64,82.7,Canal,181,1.95,15-06-2018,14-10-2018,3072
Nawada,2019,6.62,0.499,191.9,10.71,149.4,4.038,rice,28.65,75.75,962.1,MTU-1010,60.9,Rainfed,221,3.72,21-06-2019,21-10-2019,2807
Nawada,2020,6.67,0.491,202.8,9.46,155.2,3.916,rice,27.68,80.21,1211.3,IR64,65.9,Canal,172,1.42,26-06-2020,15-10-2020,3079
Patna,2000,7.39,0.619,294.6,12.69,137.5,5.135,rice,27.34,77.42,894.7,Sharbati,86.2,Borewell,149,2.29,16-06-2000,09-10-2000,3063
Patna,2001,7.38,0.608,287.7,11.73,127.5,4.859,rice,27.21,80.75,1009.7,Sona Masuri,82.4,Borewell,251,2.48,24-06-2001,25-10-2001,3347
Patna,2002,7.29,0.61,298.7,12.04,133.4,4.851,rice,27.26,78.95,926.3,IR64,89.9,Borewell,203,4.06,15-06-2002,12-10-2002,3282
Patna,2003,7.27,0.594,292.5,12.16,137.1,4.965,rice,27.19,79.25,1198.1,Sona Masuri,66,Borewell,172,1.36,16-06-2003,20-10-2003,3346
Patna,2004,7.23,0.583,288.3,13.35,132,5.413,rice,27.15,77.58,882.6,Sharbati,70.1,Rainfed,252,1.29,29-06-2004,06-11-2004,3210
Patna,2005,7.25,0.588,282.2,12.95,124.7,5.204,rice,27.82,74.98,895,MTU-1010,81.5,Borewell,263,2.32,20-06-2005,15-10-2005,3150
Patna,2006,7.19,0.588,288.8,13.88,130,5.015,rice,27.67,78.21,1133.9,Sona Masuri,89.5,Borewell,204,3.61,17-06-2006,17-10-2006,3264
Patna,2007,7.2,0.59,279.3,12.45,129.5,5.085,rice,27.63,79.2,1427.8,Swarna,83.6,Rainfed,179,4.26,18-06-2007,26-10-2007,3284
Patna,2008,7.08,0.56,273.3,11.61,123.8,5.105,rice,27.46,79.36,1376.6,MTU-1010,87.9,Borewell,205,3.36,29-06-2008,24-10-2008,3531
Patna,2009,7.09,0.573,269.1,11.94,130.6,5.116,rice,28.16,73.97,887.9,Sona Masuri,70.1,Borewell,174,2.29,30-06-2009,06-11-2009,2793
Patna,2010,7.05,0.567,295.1,12.23,122.2,5.008,rice,28.5,76.92,886.8,Sharbati,73.4,Borewell,121,1.81,27-06-2010,18-10-2010,2689
Patna,2011,7.06,0.571,279.4,11.19,121.6,5.005,rice,27.58,78.47,1059.7,Swarna,78.4,Borewell,172,1.4,26-06-2011,25-10-2011,3233
Patna,2012,7.03,0.574,280.5,12.49,133.7,5.047,rice,27.81,74.55,946.4,IR64,71.4,Canal,161,2.67,22-06-2012,11-10-2012,3195
Patna,2013,7.03,0.581,288.7,12.84,134.6,5.229,rice,27.07,80.48,984,Swarna,86.7,Borewell,216,4.29,28-06-2013,16-10-2013,3174
Patna,2014,7.02,0.593,288.3,13.49,126.5,5.02,rice,27.48,78.81,746,Sona Masuri,81.4,Borewell,173,1.67,24-06-2014,16-10-2014,3115
Patna,2015,6.99,0.605,282,12.68,130.9,4.762,rice,28.23,74.94,785.3,Sharbati,66.4,Borewell,130,2.06,16-06-2015,04-10-2015,2889
Patna,2016,6.96,0.606,289.5,13.97,125.1,5.042,rice,27.84,78.44,1142.8,Swarna Sub1,65.4,Rainfed,130,1.22,29-06-2016,27-10-2016,3215
Patna,2017,6.88,0.61,289.8,12.53,140.1,5.372,rice,27.92,79.11,1083.1,IR64,88.5,Canal,162,2.77,23-06-2017,19-10-2017,3136
Patna,2018,6.95,0.618,303.4,13.02,129.5,4.939,rice,28.3,74.63,920.7,Swarna Sub1,88.3,Borewell,107,4.27,22-06-2018,30-10-2018,3021
Patna,2019,6.92,0.636,315.7,13.18,130.9,5.097,rice,28.42,77.36,1283.5,Sona Masuri,64,Rainfed,242,4.01,15-06-2019,06-10-2019,3505
Patna,2020,6.94,0.618,304.1,13.88,139.1,5.237,rice,27.71,80.15,1371.4,Sharbati,84.7,Canal,248,4.56,16-06-2020,19-10-2020,3623
Rohtas,2000,6.22,0.388,311.3,9.34,192.9,3.624,rice,27.18,75.61,851.4,IR64,64.8,Borewell,215,4.4,24-06-2000,14-10-2000,3283
Rohtas,2001,6.29,0.362,310,9.12,191.7,4.092,rice,27.07,79.76,1010.1,IR64,75.7,Canal,203,2.75,18-06-2001,17-10-2001,3196
Rohtas,2002,6.27,0.375,301,9.77,190.6,3.509,rice,27.62,74.4,738.7,Sona Masuri,68.2,Canal,170,4.49,18-06-2002,23-10-2002,3157
Rohtas,2003,6.31,0.39,301.2,9.75,190.7,3.717,rice,27.11,77.98,1481.1,MTU-1010,62.7,Rainfed,166,4.19,17-06-2003,15-10-2003,3514
Rohtas,2005,6.4,0.367,299.6,10.97,192.3,3.414,rice,28,70.15,703.9,MTU-1010,73,Canal,108,2,28-06-2005,02-11-2005,2937
Rohtas,2006,6.44,0.362,296.3,9.45,189.1,3.827,rice,27.49,76.08,1198.7,Sona Masuri,88.9,Rainfed,180,2.61,25-06-2006,23-10-2006,3270
Rohtas,2007,6.48,0.352,286.9,11.62,184,3.845,rice,27.56,76.58,978.4,Sona Masuri,86.5,Canal,194,2.89,25-06-2007,19-10-2007,2990
Rohtas,2008,6.44,0.353,285.5,8.8,193.6,3.89,rice,27.3,76.81,1294.9,Sona Masuri,61.6,Borewell,183,3.98,19-06-2008,13-10-2008,3350
Rohtas,2009,6.53,0.329,306.1,8.15,195.5,3.995,rice,28.22,70.69,1053.1,IR64,63.1,Borewell,159,4.21,25-06-2009,24-10-2009,3126
Rohtas,2010,6.55,0.333,291.1,8.68,185.6,3.761,rice,28.72,73.69,862.7,MTU-1010,70.4,Canal,187,2.86,16-06-2010,15-10-2010,2986
Rohtas,2011,6.49,0.36,291.6,8.74,183.5,3.913,rice,27.47,76.24,1282.2,Sona Masuri,67,Borewell,140,4.24,20-06-2011,16-10-2011,3382
Rohtas,2012,6.55,0.333,297.8,9.62,187.2,3.631,rice,27.78,72.13,1061.1,Sharbati,82.9,Borewell,197,4.91,30-06-2012,29-10-2012,3006
Rohtas,2013,6.59,0.348,288.6,8.68,194.9,3.807,rice,27,79.16,911.4,Swarna Sub1,83.4,Canal,148,2,27-06-2013,31-10-2013,3150
Rohtas,2014,6.59,0.39,302,9.62,189.1,3.868,rice,27.96,72.74,679.1,Swarna Sub1,63.1,Canal,163,4.22,21-06-2014,16-10-2014,3014
Rohtas,2015,6.56,0.387,305.1,9.28,192,4.107,rice,28.24,73.04,873,Swarna,82.4,Borewell,160,2.48,16-06-2015,21-10-2015,2945
Rohtas,2016,6.59,0.378,294.7,10.91,199.5,3.578,rice,27.81,76.26,1186.5,MTU-1010,86.2,Borewell,212,3.09,29-06-2016,01-11-2016,3343
Rohtas,2017,6.6,0.39,302.3,8.51,207.4,4.064,rice,28.3,74.63,1130.9,Sona Masuri,82.9,Borewell,196,3.14,27-06-2017,26-10-2017,3135
Rohtas,2018,6.67,0.391,314.2,9.33,195.6,4.157,rice,28.64,69.77,1247.4,Swarna Sub1,69.9,Borewell,223,3.99,17-06-2018,23-10-2018,3305
Rohtas,2019,6.62,0.421,312.2,10.74,192.3,3.94,rice,28.72,74.99,1343.8,Sharbati,76.7,Rainfed,139,3.36,25-06-2019,16-10-2019,3206
Rohtas,2020,6.65,0.414,313.6,9.41,194.1,3.876,rice,28,77.73,1317.4,Swarna Sub1,78.6,Canal,157,3.17,18-06-2020,10-10-2020,3335
Saharsa,2000,6.46,0.796,333.5,16.72,212.7,4.743,rice,27.2,78.68,1567.2,Swarna Sub1,68.4,Rainfed,148,2.83,16-06-2000,20-10-2000,3487
Saharsa,2001,6.51,0.767,334.7,18.05,224.2,5.138,rice,27.04,81.77,1128.9,MTU-1010,60.4,Canal,176,3.45,18-06-2001,26-10-2001,3389
Saharsa,2002,6.52,0.787,317.7,16.89,213.7,4.609,rice,26.82,81.72,1181,Swarna,74.2,Borewell,176,1.95,17-06-2002,05-10-2002,3485
Saharsa,2003,6.55,0.763,328,16.71,213.1,4.978,rice,26.75,82.39,1379.3,IR64,63.4,Rainfed,194,3.84,18-06-2003,11-10-2003,3688
Saharsa,2004,6.61,0.769,319.4,17.28,201.5,5.06,rice,26.71,80.55,1268.1,Sharbati,81.8,Canal,202,4.71,19-06-2004,24-10-2004,3343
Saharsa,2005,6.61,0.788,318.9,17.18,205,5.059,rice,27.39,78.7,952.8,Sona Masuri,84.7,Rainfed,184,4.99,16-06-2005,16-10-2005,3220
Saharsa,2006,6.62,0.758,330.9,16.81,213.3,5.08,rice,27.37,80.11,1096.2,Swarna,62.5,Canal,177,2.43,28-06-2006,24-10-2006,3354
Saharsa,2007,6.62,0.75,340,16.56,208.1,4.844,rice,27.19,81.53,1595.1,Swarna,80.5,Canal,235,1.78,21-06-2007,09-10-2007,3928
Saharsa,2008,6.69,0.757,313.5,17.53,206.8,4.88,rice,26.99,82.15,1402.3,MTU-1010,76,Borewell,200,3.74,28-06-2008,26-10-2008,3643
Saharsa,2009,6.67,0.747,318.9,17,206.8,4.998,rice,27.44,79.44,1236.9,Sona Masuri,65.9,Borewell,183,1.6,16-06-2009,23-10-2009,3296
Saharsa,2010,6.66,0.732,329.1,16.1,205.7,4.879,rice,27.75,79.98,1167,MTU-1010,84.2,Rainfed,227,4.17,25-06-2010,22-10-2010,3611
Saharsa,2011,6.72,0.736,312.2,16.3,206.7,4.695,rice,27.04,81.49,1372.2,MTU-1010,62.9,Borewell,191,1.8,25-06-2011,22-10-2011,3479
Saharsa,2012,6.67,0.731,322.5,16.82,197.4,5.143,rice,27.26,78.11,1098.7,Sona Masuri,72.9,Canal,188,2.84,17-06-2012,06-10-2012,3595
Saharsa,2013,6.65,0.767,317.5,18.63,212.5,4.845,rice,26.82,81.84,1329.1,Sona Masuri,75.7,Rainfed,181,2.27,30-06-2013,26-10-2013,3402
Saharsa,2014,6.67,0.773,323.6,17.35,217.3,4.917,rice,27.08,81.04,1071,IR64,85.4,Canal,184,3,22-06-2014,11-10-2014,3410
Saharsa,2015,6.71,0.783,334.7,17.5,209.5,4.784,rice,27.65,79.25,1104.9,Sona Masuri,70.4,Borewell,166,3.58,24-06-2015,26-10-2015,3467
Saharsa,2016,6.68,0.784,329.6,17.82,219.1,4.889,rice,27.36,81.34,1439.5,IR64,60.3,Borewell,188,2.35,26-06-2016,26-10-2016,3674
Saharsa,2017,6.71,0.789,327.6,19.04,219.9,5.181,rice,27.31,81.86,1454.1,Swarna,83.6,Canal,217,4.45,29-06-2017,31-10-2017,3595
Saharsa,2018,6.78,0.78,335.7,18.32,210.6,5.183,rice,27.59,78.14,989.3,Sharbati,79.2,Borewell,202,4.68,24-06-2018,19-10-2018,3548
Saharsa,2019,6.7,0.808,346.7,18.38,206.6,5.024,rice,27.82,79.63,1635.9,Sona Masuri,64.5,Borewell,145,2.97,28-06-2019,21-10-2019,3564
Saharsa,2020,6.75,0.809,319.3,19.29,220.2,5.04,rice,27.46,80.44,1751.3,MTU-1010,62,Canal,166,1.1,30-06-2020,28-10-2020,3450
Samastipur,2000,7.14,0.481,228.9,14.57,260.3,5.098,rice,27.35,76.85,1351.4,MTU-1010,82.9,Borewell,179,1.55,17-06-2000,17-10-2000,3163
Samastipur,2001,7.07,0.48,236.1,17.47,260.1,5.083,rice,27.18,80.42,1105,IR64,88.4,Borewell,146,3.17,30-06-2001,26-10-2001,3044
Samastipur,2002,7.08,0.482,220.1,15.99,265.6,5.257,rice,27.09,79.62,764.2,Swarna,66.9,Borewell,178,3.9,26-06-2002,24-10-2002,2949
Samastipur,2003,7.05,0.46,238.6,16.96,257.1,5.028,rice,26.98,80.55,1381.1,IR64,85.9,Borewell,162,1.31,21-06-2003,19-10-2003,3186
Samastipur,2004,7.06,0.476,237.3,16.22,257.6,5.092,rice,26.91,79.12,1067.2,MTU-1010,82.6,Borewell,217,1.1,24-06-2004,27-10-2004,3057
Samastipur,2005,7,0.454,221.7,17.14,249.7,4.87,rice,27.66,76.48,911,Sharbati,62.9,Borewell,168,3.95,30-06-2005,23-10-2005,2896
Samastipur,2006,6.99,0.467,225.6,15.49,252,5.271,rice,27.49,79.13,1048.9,MTU-1010,67,Canal,162,1.25,19-06-2006,18-10-2006,2941
Samastipur,2007,6.89,0.432,249.7,16.41,247.3,4.948,rice,27.37,80.05,1486.4,Swarna Sub1,88.3,Canal,168,1.26,27-06-2007,31-10-2007,3374
Samastipur,2008,6.96,0.446,241.4,16.17,249.4,5.102,rice,27.17,80.78,1279.7,Swarna Sub1,67.5,Borewell,143,1.31,23-06-2008,28-10-2008,3264
Samastipur,2009,6.93,0.422,211.4,14.52,245.9,4.667,rice,27.84,76.17,1093.5,IR64,60.8,Borewell,235,4.45,18-06-2009,09-10-2009,3243
Samastipur,2010,6.95,0.415,199.1,14.86,247.2,4.743,rice,28.17,77.84,1012.4,Sona Masuri,74.8,Borewell,175,1.88,22-06-2010,20-10-2010,2935
Samastipur,2011,6.97,0.428,233.1,15.8,251.8,4.776,rice,27.35,79.44,1220.3,Swarna Sub1,75.9,Canal,217,1.63,21-06-2011,22-10-2011,3235
Samastipur,2012,6.92,0.434,229.2,15.75,248.3,5.127,rice,27.68,75.44,929.7,Sona Masuri,68.2,Borewell,152,3.67,15-06-2012,08-10-2012,3116
Samastipur,2013,6.92,0.444,230.8,16,250.8,4.993,rice,26.97,80.73,1013.9,Swarna,68.5,Canal,165,3.34,21-06-2013,12-10-2013,3030
Samastipur,2014,6.88,0.446,218.5,15.91,261.4,4.86,rice,27.19,80.17,936.2,Sona Masuri,73.7,Borewell,152,3.69,18-06-2014,24-10-2014,2957
Samastipur,2015,6.97,0.471,243.7,16.96,271.1,4.925,rice,27.98,76.87,874.5,Swarna Sub1,68.4,Borewell,139,3.04,21-06-2015,25-10-2015,2892
Samastipur,2016,6.81,0.465,239.5,16.57,263.7,5.309,rice,27.62,79.52,1195,IR64,88.1,Canal,159,4.53,25-06-2016,14-10-2016,3270
Samastipur,2017,6.89,0.484,229.3,15.69,273.7,5.117,rice,27.63,80.42,1230.6,Sharbati,89.7,Borewell,187,4.52,20-06-2017,26-10-2017,3048
Samastipur,2018,6.85,0.477,233.5,16.13,258.3,4.831,rice,27.96,76.47,911.5,Swarna Sub1,82.3,Rainfed,165,2.49,19-06-2018,09-10-2018,2936
Samastipur,2019,6.86,0.485,249.3,17.06,269.6,5.015,rice,28.24,77.83,1498.9,Sona Masuri,65.7,Borewell,232,3.75,21-06-2019,18-10-2019,3331
Samastipur,2020,6.86,0.501,248,16.87,276.5,5.19,rice,27.6,80.23,1602.3,Swarna,67.1,Borewell,187,4.93,17-06-2020,21-10-2020,3357
Saran,2000,7.18,0.64,362.7,15.81,185.5,5.007,rice,27.41,76.74,943.5,MTU-1010,69.7,Borewell,183,3.69,15-06-2000,22-10-2000,3356
Saran,2001,7.14,0.621,381.4,14.78,180.3,5.062,rice,27.25,80.31,1054.5,IR64,82.7,Canal,197,3.04,23-06-2001,31-10-2001,3514
Saran,2002,7.1,0.628,368.2,16.45,180.1,5.06,rice,27.3,78.88,954,Swarna Sub1,68,Borewell,161,4.37,24-06-2002,15-10-2002,3393
Saran,2003,7.09,0.613,358.3,16.61,185.3,4.824,rice,27.22,78.65,1178.7,Sona Masuri,84.1,Canal,156,3.48,25-06-2003,26-10-2003,3373
Saran,2004,7.04,0.591,364.9,16.53,182.9,4.77,rice,27.23,77.09,855.7,IR64,66.4,Rainfed,193,4.25,22-06-2004,22-10-2004,3268
Saran,2005,7.11,0.597,357.5,16.93,173.1,4.912,rice,27.97,73.84,900.4,Sona Masuri,78.9,Rainfed,149,3.92,16-06-2005,08-10-2005,3334
Saran,2006,7.04,0.627,356.8,17.44,185.3,5.153,rice,27.75,77.67,979.3,Sharbati,84.7,Canal,194,3.51,30-06-2006,27-10-2006,3524
Saran,2007,6.99,0.604,340.5,17.36,178.3,4.558,rice,27.71,78.63,1495.2,Sona Masuri,76.1,Canal,125,3.86,20-06-2007,14-10-2007,3323
Saran,2008,6.99,0.595,348.8,16.56,171.1,4.788,rice,27.44,79.84,1392.8,MTU-1010,62.9,Rainfed,170,1.95,21-06-2008,18-10-2008,3654
Saran,2009,6.98,0.584,346.1,16.89,170.2,5.058,rice,28.18,73.42,925.5,MTU-1010,74.3,Canal,153,2.09,15-06-2009,03-10-2009,3161
Saran,2010,6.97,0.563,336.5,15.83,186.3,5.06,rice,28.6,76.23,868.7,Swarna Sub1,81,Borewell,152,1.07,26-06-2010,28-10-2010,3242
Saran,2011,6.9,0.554,355.7,15.87,182.6,4.823,rice,27.66,77.93,1061.2,Sharbati,80.1,Canal,169,1.8,29-06-2011,04-11-2011,3274
Saran,2012,6.95,0.601,349,15.74,177.3,5.156,rice,27.93,73.54,966.7,Swarna Sub1,85.7,Rainfed,214,1,24-06-2012,14-10-2012,3276
Saran,2013,6.93,0.609,351.7,15.14,190.4,4.982,rice,27.18,80.05,1003.1,Sona Masuri,79.5,Canal,234,1.49,22-06-2013,12-10-2013,3555
Saran,2014,6.91,0.606,358.7,16.02,179.9,5.1,rice,27.61,78.13,808.9,Swarna Sub1,72.2,Borewell,172,2.66,27-06-2014,03-11-2014,3096
Saran,2015,6.92,0.59,376,16.34,184.8,4.862,rice,28.34,74.32,772.5,Swarna,72.7,Canal,178,1.32,16-06-2015,10-10-2015,3112
Saran,2016,6.89,0.614,375.5,16.12,187.3,5.048,rice,27.88,78.15,1144.4,IR64,71.4,Rainfed,184,1.07,17-06-2016,24-10-2016,3379
Saran,2017,6.88,0.625,376.7,15.2,176.3,4.841,rice,27.94,78.33,1249.7,IR64,77.1,Borewell,181,3.66,15-06-2017,19-10-2017,3535
Saran,2018,6.86,0.626,356.3,16.25,173.5,5.001,rice,28.29,74.28,920.6,Swarna Sub1,64.5,Canal,179,3.55,17-06-2018,06-10-2018,3125
Saran,2019,6.92,0.646,373.5,16.16,177.7,5.04,rice,28.4,76.53,1272.2,Swarna,74.7,Canal,212,2.1,24-06-2019,12-10-2019,3711
Saran,2020,6.87,0.657,382,17.6,183.9,5.302,rice,27.6,79.85,1435.7,MTU-1010,78.4,Borewell,144,1.57,27-06-2020,29-10-2020,3616
Sheikhpura,2000,7.25,0.749,316.7,12.79,148.4,4.806,rice,27.37,76.49,886,Sona Masuri,70.9,Rainfed,160,3.5,28-06-2000,21-10-2000,3211
Sheikhpura,2001,7.23,0.751,302.6,12.04,147.2,4.934,rice,27.29,80.01,888.7,Sona Masuri,68.6,Borewell,224,3.42,16-06-2001,07-10-2001,3276
Sheikhpura,2002,7.22,0.76,304.7,13.15,147.2,4.76,rice,27.27,78.37,797.4,Sharbati,62.6,Borewell,214,4.37,29-06-2002,22-10-2002,3297
Sheikhpura,2003,7.15,0.73,297.7,12.07,146.8,5.211,rice,27.38,78.73,1253.9,Swarna Sub1,89.5,Rainfed,173,2.54,30-06-2003,02-11-2003,3453
Sheikhpura,2004,7.16,0.729,286.3,12.14,142.5,4.997,rice,27.06,77.86,982.3,Swarna Sub1,63.1,Borewell,166,4.84,22-06-2004,14-10-2004,3179
Sheikhpura,2005,7.19,0.741,307.7,11.25,138.6,4.979,rice,27.76,75.6,901.2,Sharbati,88.7,Borewell,172,2.86,19-06-2005,17-10-2005,3123
Sheikhpura,2006,7.08,0.729,302.7,11.09,148.1,5.026,rice,27.65,77.67,937.6,Sharbati,60.8,Borewell,229,2.72,21-06-2006,27-10-2006,3448
Sheikhpura,2007,7.03,0.718,300.6,12.67,138.2,5.151,rice,27.55,78.7,1337.4,MTU-1010,75,Borewell,187,4.74,19-06-2007,25-10-2007,3367
Sheikhpura,2008,7.06,0.7,285.5,12.73,146.6,5.005,rice,27.48,78.3,1090.6,MTU-1010,71.7,Borewell,223,3.56,21-06-2008,22-10-2008,3355
Sheikhpura,2009,7.08,0.719,300.7,11.04,149.1,5.083,rice,28.05,74.48,895.3,Sharbati,81.9,Canal,179,2.28,20-06-2009,23-10-2009,3170
Sheikhpura,2010,7.01,0.697,295.8,10.37,142.2,4.782,rice,28.61,75.47,868.8,IR64,78.6,Rainfed,223,3.47,24-06-2010,01-11-2010,3297
Sheikhpura,2011,7.01,0.705,293.9,11.2,138.1,5.318,rice,27.51,78.45,1074,Sona Masuri,68.7,Borewell,219,4.84,29-06-2011,02-11-2011,3477
Sheikhpura,2012,7.03,0.721,298.2,12.57,147,4.878,rice,27.76,74.79,875.6,IR64,64,Rainfed,188,3.37,27-06-2012,21-10-2012,3221
Sheikhpura,2013,6.97,0.706,309.7,13.64,141.8,4.656,rice,27.02,79.97,844.3,MTU-1010,62.8,Canal,151,1.18,27-06-2013,23-10-2013,3102
Sheikhpura,2014,6.98,0.723,297.8,12.59,144,4.971,rice,27.39,78.55,823,MTU-1010,80.1,Borewell,181,3.84,23-06-2014,30-10-2014,3074
Sheikhpura,2015,6.93,0.74,302.2,11.29,141.5,5.167,rice,28.1,75.73,847.2,Sona Masuri,71.6,Borewell,146,3.05,20-06-2015,19-10-2015,3038
Sheikhpura,2016,6.93,0.731,315.7,10.08,142,5,rice,27.87,77.82,976.4,MTU-1010,67.3,Borewell,154,4.25,22-06-2016,12-10-2016,3141
Sheikhpura,2017,6.93,0.758,319.2,11.8,149.3,5.219,rice,27.89,78.86,1026.2,Sona Masuri,82.8,Canal,189,2.1,21-06-2017,12-10-2017,3278
Sheikhpura,2018,6.86,0.779,301,12.8,149.2,5.269,rice,28.17,75.27,945.4,Sharbati,63.2,Canal,202,2.9,26-06-2018,15-10-2018,3149
Sheikhpura,2019,6.89,0.775,302.4,12.5,144.6,5.097,rice,28.59,77.33,1106.6,Swarna,77.1,Canal,129,2.21,24-06-2019,28-10-2019,3230
Sheikhpura,2020,6.91,0.784,314.5,13.27,149.3,5.103,rice,27.78,80.68,1493.2,Swarna,79.2,Borewell,159,4.99,19-06-2020,25-10-2020,3531
Sheohar,2000,7.53,0.556,279.9,20.25,160.7,4.251,rice,27.07,77.42,1241.9,IR64,89,Canal,182,1.68,17-06-2000,22-10-2000,3502
Sheohar,2001,7.52,0.585,289.5,20.24,161,4.398,rice,26.98,80.25,1132.1,IR64,60.9,Borewell,163,3.41,17-06-2001,21-10-2001,3392
Sheohar,2002,7.46,0.564,264.8,19.28,154.2,4.487,rice,26.97,79.08,779.3,MTU-1010,86.5,Canal,146,2.35,26-06-2002,16-10-2002,3139
Sheohar,2003,7.4,0.549,259.6,21.18,158.8,4.458,rice,26.76,80.01,1487.6,Swarna,74.9,Canal,194,1.01,24-06-2003,18-10-2003,3559
Sheohar,2004,7.34,0.572,278.6,20.1,159.2,4.608,rice,26.65,79.4,1102.6,IR64,75,Canal,156,3.18,28-06-2004,22-10-2004,3208
Sheohar,2005,7.3,0.557,271.6,19.56,152.3,4.727,rice,27.63,75.06,863.3,Swarna,65.9,Borewell,166,1.57,23-06-2005,15-10-2005,3166
Sheohar,2006,7.23,0.56,264.6,19.6,149.3,4.815,rice,27.33,78.74,960.8,Swarna,66.3,Canal,148,1.73,25-06-2006,17-10-2006,3032
Sheohar,2007,7.16,0.556,265.6,20.65,147.4,4.765,rice,27.18,80.05,1564.8,Swarna,63.6,Canal,176,2.5,26-06-2007,20-10-2007,3525
Sheohar,2008,7.25,0.539,279.5,19.6,152,4.735,rice,26.92,81.1,1386.8,Swarna Sub1,60.5,Borewell,145,4.62,23-06-2008,13-10-2008,3361
Sheohar,2009,7.19,0.53,260.3,18.96,149.3,4.666,rice,27.65,76.04,1163.7,Sona Masuri,65,Rainfed,169,4.49,15-06-2009,15-10-2009,3323
Sheohar,2010,7.16,0.545,259,18.78,139.3,5.105,rice,27.82,78.23,934.3,Sharbati,78.2,Borewell,208,2.88,24-06-2010,19-10-2010,2929
Sheohar,2011,7.12,0.544,258.2,19.52,152.2,4.72,rice,27.17,79.18,1415.5,Sona Masuri,61.4,Canal,183,3.62,25-06-2011,01-11-2011,3335
Sheohar,2012,7.12,0.569,263.5,18.86,145,5.112,rice,27.44,74.83,1017.8,MTU-1010,80.5,Canal,119,1.64,20-06-2012,17-10-2012,2991
Sheohar,2013,7.09,0.552,273.5,19.18,156.8,4.757,rice,26.74,80.92,1225.8,Sharbati,66.8,Borewell,158,4.2,20-06-2013,20-10-2013,3138
Sheohar,2014,7.04,0.566,273.8,19.8,152.7,5.022,rice,27.04,79.98,1137.9,Sharbati,84.3,Rainfed,171,1.81,22-06-2014,15-10-2014,3260
Sheohar,2015,7.07,0.573,283.9,19.98,149.6,5.02,rice,27.93,75.92,760.3,Sharbati,81.8,Canal,191,4.73,21-06-2015,29-10-2015,3025
Sheohar,2016,7.01,0.56,277,20.23,152,5.164,rice,27.4,79.56,1264.5,Sona Masuri,69,Canal,192,1.95,27-06-2016,27-10-2016,3494
Sheohar,2017,7.01,0.595,283.8,20.51,150.6,4.982,rice,27.43,80.02,1439.7,Sona Masuri,89.8,Canal,209,1.73,27-06-2017,01-11-2017,3668
Sheohar,2018,6.98,0.574,279.6,20.35,159.9,5.039,rice,27.63,76.7,1070.9,Swarna,87.5,Canal,231,3.9,26-06-2018,17-10-2018,3304
Sheohar,2019,6.95,0.6,284.6,18.46,155.7,5.21,rice,27.85,78.29,1487.6,Sona Masuri,70.9,Rainfed,198,1.85,21-06-2019,23-10-2019,3452
Sheohar,2020,6.9,0.603,300.8,20.31,159.8,4.829,rice,27.41,78.63,1805.5,IR64,67.5,Rainfed,200,1.34,30-06-2020,25-10-2020,3687
Sitamarhi,2000,7.39,0.559,316.7,16.62,203.1,4.565,rice,27.02,77.96,1444,Swarna Sub1,88.3,Canal,174,3.97,22-06-2000,13-10-2000,3427
Sitamarhi,2001,7.27,0.555,297.8,17.83,206,4.767,rice,26.99,80.24,1335.4,IR64,61.1,Rainfed,154,1.49,18-06-2001,19-10-2001,3412
Sitamarhi,2002,7.27,0.551,297.6,14.52,212,4.799,rice,26.94,79.27,925.8,Sona Masuri,63.3,Rainfed,170,2.18,27-06-2002,26-10-2002,3039
Sitamarhi,2003,7.23,0.551,306.5,16.03,210.7,4.533,rice,26.69,80.64,1621.3,MTU-1010,69.7,Canal,220,1.27,23-06-2003,17-10-2003,3504
Sitamarhi,2004,7.17,0.538,295.8,14.82,203.6,4.511,rice,26.6,79.74,1281.9,Sona Masuri,87.6,Rainfed,192,4.11,26-06-2004,21-10-2004,3571
Sitamarhi,2005,7.1,0.533,280.5,14.32,205.8,4.475,rice,27.6,75.31,936.7,IR64,75.3,Rainfed,214,2.72,18-06-2005,20-10-2005,3095
Sitamarhi,2006,7.14,0.538,286.4,14.69,210.3,4.595,rice,27.32,78.87,1186.3,Swarna,87.7,Borewell,196,1.51,25-06-2006,17-10-2006,3437
Sitamarhi,2007,7.08,0.538,296.3,15.45,211.6,4.4,rice,27.14,80.22,1867.3,IR64,76.8,Borewell,220,4.58,22-06-2007,25-10-2007,3708
Sitamarhi,2008,7.12,0.524,295.8,15.2,205.3,4.668,rice,26.92,81.17,1558.4,Swarna Sub1,84.1,Canal,227,1.33,23-06-2008,28-10-2008,3754
Sitamarhi,2009,7.07,0.512,293.2,13.54,200.6,5.068,rice,27.61,76.67,1415.5,Swarna Sub1,72.5,Borewell,209,2.77,18-06-2009,19-10-2009,3443
Sitamarhi,2010,7.02,0.508,277.7,15,198.4,4.657,rice,27.69,78.8,1165.7,Swarna,70,Rainfed,176,1.96,15-06-2010,05-10-2010,3247
Sitamarhi,2011,7.04,0.511,293.3,15.51,210.8,4.748,rice,27.13,79.52,1561.7,MTU-1010,86.1,Borewell,223,4.05,15-06-2011,04-10-2011,3422
Sitamarhi,2012,7.1,0.535,291.9,14.27,205.5,5.011,rice,27.42,74.94,1144.8,Sona Masuri,83.2,Canal,169,2.52,19-06-2012,22-10-2012,3128
Sitamarhi,2013,7.04,0.546,297.9,14.08,210.6,4.585,rice,26.7,81.14,1465,Sona Masuri,66,Borewell,91,3.69,15-06-2013,09-10-2013,3331
Sitamarhi,2014,6.93,0.541,298.1,15.93,212.3,4.933,rice,26.98,80.42,1309.5,MTU-1010,61.1,Borewell,209,1.58,24-06-2014,16-10-2014,3488
Sitamarhi,2015,6.93,0.544,284.1,13.72,215.4,4.693,rice,27.86,76.43,850.4,Swarna Sub1,85.1,Canal,232,1.59,29-06-2015,06-11-2015,3302
Sitamarhi,2016,6.97,0.564,293.5,15.91,208.6,4.552,rice,27.31,79.93,1387.2,Sona Masuri,63.8,Borewell,200,1.68,22-06-2016,16-10-2016,3442
Sitamarhi,2017,6.94,0.555,297.2,17.14,205,4.961,rice,27.26,80.49,1411.6,Sharbati,80.5,Canal,175,3.73,15-06-2017,19-10-2017,3451
Sitamarhi,2018,6.9,0.576,305.4,15.98,210.1,4.814,rice,27.48,77.1,1064.7,Sharbati,66.5,Borewell,197,1.54,15-06-2018,11-10-2018,3225
Sitamarhi,2019,6.94,0.591,309.1,15.08,219.5,5.425,rice,27.65,78.79,1418.6,Sona Masuri,83.2,Borewell,168,3.57,21-06-2019,17-10-2019,3424
Sitamarhi,2020,6.91,0.595,301.6,15.88,222.8,5.075,rice,27.23,79.22,1734.2,Swarna Sub1,78.7,Canal,204,4.59,15-06-2020,23-10-2020,3638
Siwan,2000,7.22,0.681,213.7,15.2,169.4,5.164,rice,27.22,76.3,971,Sharbati,67.7,Borewell,212,1.44,24-06-2000,22-10-2000,3199
Siwan,2001,7.2,0.663,198.9,17.12,172.1,4.841,rice,27.03,80.02,1169.1,Sona Masuri,79.5,Borewell,201,1.95,25-06-2001,16-10-2001,3246
Siwan,2002,7.18,0.663,198,16.6,165.7,5.069,rice,27.11,78.55,835.3,Sharbati,89.4,Canal,196,3.16,26-06-2002,28-10-2002,2936
Siwan,2003,7.13,0.629,193.9,15.08,156.7,5.233,rice,27.03,77.66,1128.2,Sona Masuri,67.4,Borewell,151,1.93,25-06-2003,30-10-2003,3031
Siwan,2004,7.12,0.644,189,15.77,168.9,4.858,rice,27.03,76.77,863.5,Swarna,72.4,Borewell,188,3.97,23-06-2004,12-10-2004,3107
Siwan,2005,7.08,0.648,177.1,15.41,159.5,4.983,rice,27.79,73.71,1093.4,IR64,89,Borewell,233,4.9,22-06-2005,22-10-2005,3141
Siwan,2006,7.04,0.636,207,15.12,163,5.39,rice,27.53,77.42,893.2,Sona Masuri,76.8,Borewell,207,4.21,21-06-2006,19-10-2006,3063
Siwan,2007,7.02,0.648,190.6,16.72,165,5.099,rice,27.5,78.58,1513.3,IR64,87.2,Borewell,120,1.08,30-06-2007,30-10-2007,3163
Siwan,2008,7.02,0.618,190.2,15.94,159.5,4.93,rice,27.13,79.99,1207.1,Sharbati,63.3,Canal,193,4.06,23-06-2008,17-10-2008,3295
Siwan,2009,7,0.629,198.4,14.61,154.8,5.083,rice,27.93,73.15,927.3,MTU-1010,78.9,Borewell,122,4.71,23-06-2009,27-10-2009,2923
Siwan,2010,7.03,0.626,177.6,14.85,152.4,4.927,rice,28.36,75.91,984.9,Swarna Sub1,88,Borewell,188,1.97,16-06-2010,18-10-2010,2961
Siwan,2011,7.02,0.607,176.2,14.52,160.9,5.066,rice,27.45,77.78,1290.2,IR64,83.3,Rainfed,140,1.29,30-06-2011,26-10-2011,3060
Siwan,2012,6.97,0.64,176.5,16.25,158.6,5.171,rice,27.74,72.87,1039.3,Swarna,77.2,Borewell,144,1.13,29-06-2012,18-10-2012,2951
Siwan,2013,6.91,0.635,194,16.35,152.2,5.075,rice,26.96,80.03,1014.2,IR64,69.1,Borewell,167,4.55,18-06-2013,13-10-2013,3032
Siwan,2014,6.9,0.647,199.8,16.57,159.8,5.279,rice,27.41,77.91,797.4,Swarna Sub1,66.6,Canal,145,3.31,16-06-2014,18-10-2014,2956
Siwan,2015,6.97,0.633,200,16.43,162.7,4.87,rice,28.05,74.9,863.3,Sona Masuri,77.3,Canal,176,1.52,15-06-2015,06-10-2015,2962
Siwan,2016,6.94,0.644,195.2,15.75,169.8,5.003,rice,27.65,78.39,1198.9,Sharbati,72.9,Borewell,209,1.35,23-06-2016,21-10-2016,3170
Siwan,2017,6.89,0.664,206.2,17.73,157.8,5.242,rice,27.82,78.02,1466.9,MTU-1010,64.4,Rainfed,181,1.6,17-06-2017,12-10-2017,3360
Siwan,2018,6.87,0.681,192.1,15.49,164.5,5.189,rice,28.09,74.68,1145.8,IR64,86.3,Borewell,219,3.65,27-06-2018,02-11-2018,3159
Siwan,2019,6.9,0.682,201.1,15.08,173.7,5.215,rice,28.1,77.01,1555.4,Sharbati,85.7,Borewell,182,2.27,23-06-2019,21-10-2019,3277
Siwan,2020,6.92,0.677,189.8,16.24,178.4,5.245,rice,27.46,78.78,1468.7,MTU-1010,61.7,Borewell,190,1.57,18-06-2020,15-10-2020,3261
Supaul,2000,6.13,0.706,378.7,13.2,246.5,4.534,rice,26.97,79.18,1567.2,Sharbati,88.2,Canal,175,2.64,29-06-2000,28-10-2000,3810
Supaul,2001,6.2,0.706,384,13.76,244.9,4.904,rice,26.88,81.62,1128.9,IR64,76,Borewell,155,4.77,23-06-2001,12-10-2001,3478
Supaul,2002,6.28,0.7,374.1,11.99,237.3,4.351,rice,26.65,81.62,1181,Swarna Sub1,66.4,Borewell,198,2.41,27-06-2002,21-10-2002,3591
Supaul,2003,6.26,0.696,386.3,12.79,234,4.882,rice,26.53,82.7,1379.3,Swarna Sub1,77.1,Borewell,158,1.45,23-06-2003,17-10-2003,3717
Supaul,2004,6.33,0.689,374.1,10.66,229.9,4.639,rice,26.5,80.65,1268.1,IR64,75.8,Canal,212,3.05,18-06-2004,16-10-2004,3541
Supaul,2005,6.35,0.682,372,11.4,236.2,4.848,rice,27.15,79.19,952.8,IR64,66.5,Borewell,196,2.8,25-06-2005,01-11-2005,3383
Supaul,2006,6.39,0.687,361.9,11.82,231.5,4.714,rice,27.17,80.09,1096.2,Sona Masuri,81.9,Canal,188,1.01,30-06-2006,28-10-2006,3269
Supaul,2007,6.42,0.696,378.8,11.46,236.9,4.948,rice,26.98,81.69,1595.1,Sona Masuri,87.8,Canal,130,1.13,27-06-2007,03-11-2007,3648
Supaul,2008,6.42,0.685,369.1,11.06,234.3,4.839,rice,26.78,82.37,1402.3,MTU-1010,85.6,Rainfed,216,1.81,24-06-2008,13-10-2008,3660
Supaul,2009,6.46,0.671,362.7,12.61,230.1,4.819,rice,27.23,79.85,1236.9,MTU-1010,77.5,Borewell,179,1.63,25-06-2009,28-10-2009,3392
Supaul,2010,6.51,0.655,359.4,10.29,232.6,4.542,rice,27.47,80.34,1167,IR64,85.4,Rainfed,213,3.67,28-06-2010,27-10-2010,3498
Supaul,2011,6.52,0.677,374.3,11.19,230.6,5.137,rice,26.81,81.71,1372.2,Sona Masuri,78.6,Rainfed,174,4.63,27-06-2011,15-10-2011,3653
Supaul,2012,6.59,0.69,375.1,11.45,237.1,4.862,rice,27.02,78.41,1098.7,Sharbati,80,Borewell,148,4.68,16-06-2012,08-10-2012,3474
Supaul,2013,6.58,0.681,373.9,12.48,236.1,4.972,rice,26.63,82.02,1329.1,Swarna Sub1,63.8,Borewell,155,1.29,30-06-2013,29-10-2013,3622
Supaul,2014,6.56,0.681,391.2,14.44,239.2,4.681,rice,26.87,81.29,1071,Sona Masuri,77.3,Rainfed,239,2.21,19-06-2014,16-10-2014,3558
Supaul,2015,6.57,0.707,391.9,11.57,237.6,5.001,rice,27.46,79.38,1104.9,IR64,74.5,Canal,150,3.51,17-06-2015,11-10-2015,3352
Supaul,2016,6.64,0.705,371.6,13.14,246.9,4.956,rice,27.1,81.78,1439.5,Sona Masuri,74,Canal,180,4.16,30-06-2016,01-11-2016,3675
Supaul,2017,6.64,0.711,380.3,13.56,244.3,5.091,rice,27.15,82.13,1437.6,IR64,87.1,Canal,162,2.25,25-06-2017,29-10-2017,3423
Supaul,2018,6.68,0.712,385.5,12.96,240.4,5.165,rice,27.38,78.64,1023.7,Sharbati,82.9,Rainfed,213,2.44,23-06-2018,25-10-2018,3428
Supaul,2019,6.65,0.72,393.4,13.06,251.3,5.126,rice,27.58,80.01,1482.8,Sona Masuri,72.7,Borewell,158,2.07,20-06-2019,14-10-2019,3598
Supaul,2020,6.68,0.74,394.3,12.45,249.2,5.044,rice,27.26,80.67,1809,Sona Masuri,62,Canal,205,3.27,15-06-2020,15-10-2020,3798
Vaishali,2000,7.28,0.564,286.8,15.5,225.6,5.499,rice,27.53,77.53,1036.9,MTU-1010,75.1,Canal,179,1.88,25-06-2000,24-10-2000,3090
Vaishali,2001,7.2,0.562,260,19.66,220.4,4.746,rice,27.37,80.96,1122,MTU-1010,76.1,Borewell,167,2.42,16-06-2001,10-10-2001,3122
Vaishali,2002,7.24,0.553,283.7,19.29,216.8,4.828,rice,27.37,79.48,757.1,Swarna Sub1,65.6,Canal,210,3.22,20-06-2002,09-10-2002,3057
Vaishali,2003,7.21,0.554,288.4,17.13,209.1,5.019,rice,27.27,79.99,1312.4,Swarna,65.1,Canal,170,3.14,27-06-2003,21-10-2003,3399
Vaishali,2004,7.11,0.532,281.1,17.48,221.8,5.272,rice,27.25,78.6,957,Sharbati,63.7,Borewell,178,2.72,15-06-2004,03-10-2004,3125
Vaishali,2005,7.12,0.525,260.9,18.27,216,5.157,rice,27.91,76.1,931.9,Sharbati,80.9,Borewell,218,2.93,25-06-2005,21-10-2005,3226
Vaishali,2007,7.09,0.515,268.5,18.76,210.4,5.194,rice,27.7,79.81,1448,Sona Masuri,88.9,Borewell,156,1.96,29-06-2007,19-10-2007,3321
Vaishali,2014,6.97,0.522,285,16.13,219.5,5.682,rice,27.5,79.96,888.5,MTU-1010,78,Canal,150,3.68,26-06-2014,26-10-2014,3154
Vaishali,2016,6.94,0.552,282.5,21.47,221.5,5.348,rice,27.92,79.1,1187.8,Sharbati,81.8,Borewell,198,1.49,25-06-2016,27-10-2016,3515
Vaishali,2017,6.88,0.545,293.7,18,209.3,5.323,rice,27.88,80.17,1215.7,MTU-1010,80.1,Borewell,179,1.12,15-06-2017,12-10-2017,3111
West Champaran,2002,7.13,0.511,280.1,17.66,211.8,4.613,rice,26.66,80.96,1136.2,IR64,60.3,Borewell,129,3.44,28-06-2002,26-10-2002,3113
West Champaran,2007,7.02,0.493,282.2,16.42,197.5,4.36,rice,26.77,81.92,1690.7,Swarna Sub1,66.8,Canal,150,2.35,30-06-2007,30-10-2007,3563
West Champaran,2008,7,0.488,262.1,16.46,204.6,5.029,rice,26.59,82.44,1443.1,IR64,75.1,Canal,184,1.34,24-06-2008,31-10-2008,3397
West Champaran,2013,6.95,0.487,274.2,16.05,206.1,4.619,rice,26.47,82.56,1279.2,Swarna,66.7,Canal,270,2.73,30-06-2013,23-10-2013,3438
West Champaran,2015,6.89,0.499,283,17.59,207.3,5.051,rice,27.48,78.36,916.4,Sona Masuri,72.5,Borewell,150,1.15,28-06-2015,30-10-2015,3079
West Champaran,2016,6.91,0.547,289,16.67,198.5,4.984,rice,27.01,81.69,1238.4,MTU-1010,85.2,Borewell,171,4.16,20-06-2016,08-10-2016,3277
West Champaran,2017,6.88,0.523,300,17.71,214.5,4.71,rice,27.16,80.91,1503.6,Swarna Sub1,73.1,Rainfed,241,3.28,21-06-2017,19-10-2017,3614
West Champaran,2018,6.89,0.536,298.2,18.15,211.5,5.162,rice,27.14,78.39,1395.1,MTU-1010,83.8,Borewell,183,4.06,22-06-2018,16-10-2018,3489
West Champaran,2020,6.88,0.548,300.9,18.5,215,4.937,rice,26.89,80.85,1912.7,Swarna,81.1,Borewell,175,3.82,23-06-2020,16-10-2020,3684
